<?xml version="1.0" encoding="UTF-8"?>
<serviceTemplates syntaxversion="2.1.0.0" xmlns="http://www.n-able.com"
    xmlns:xsi="http://www.w3.org/2001/XMLSchema-instance" xsi:schemaLocation="http://www.n-able.com file:///opt/nable/var/ncsai/etc/servicetemplate_v2_1_0_0.xsd">
    <serviceTemplate id="-1" version="2.1.0.0">
        <name>vCenter Cluster Info</name>
        <description/>
        <deviceClass>Servers - vCenter</deviceClass>
        <removesServices>false</removesServices>
        <services>
            <service autoReapply="false" id="39164"
                isCustomService="true" name="vCenter Cluster Info">
                <configurationName>vCenter Cluster Info</configurationName>
                <action actionId="2"/>
                <parameters>
                    <parameter key="ClusterName" parameterId="69296546"
                        type="2" useAssetInfo="false"
                        useDefaultValue="true" value="{{serviceParameter}}"/>
                    <parameter key="Password" parameterId="458775839"
                        type="6" useAssetInfo="false"
                        useDefaultValue="true" value="{{password}}"/>
                    <parameter key="vCenterURL" parameterId="901268498"
                        type="2" useAssetInfo="false"
                        useDefaultValue="true" value="{{networkAddress}}"/>
                    <parameter key="scan_interval"
                        parameterId="1138594938" type="2"
                        useAssetInfo="false" useDefaultValue="true" value="0 0/10 * * * ? *"/>
                    <parameter key="UserName" parameterId="1640504705"
                        type="2" useAssetInfo="false"
                        useDefaultValue="true" value="{{userName}}"/>
                    <parameter key="serviceIdentifier"
                        parameterId="2056051438" type="2"
                        useAssetInfo="false" useDefaultValue="true" value=""/>
                </parameters>
                <thresholds>
                    <threshold detailName="SD39164_ClusterName"
                        monitoringType="Off" taskState="3" valueHigh="0"
                        valueLow="0" valueString="[NO THRESHOLD]" valueStringEval="match"/>
                    <threshold detailName="SD39164_ClusterName"
                        monitoringType="Off" taskState="5" valueHigh="1"
                        valueLow="1" valueString="[NO THRESHOLD]" valueStringEval="match"/>
                    <threshold detailName="SD39164_DRSEnabled"
                        monitoringType="Default" taskState="3"
                        valueHigh="1" valueLow="1" valueString="True" valueStringEval="match"/>
                    <threshold detailName="SD39164_DRSEnabled"
                        monitoringType="Default" taskState="5"
                        valueHigh="0" valueLow="0" valueString="True" valueStringEval="match"/>
                    <threshold detailName="SD39164_HAEnabled"
                        monitoringType="Default" taskState="3"
                        valueHigh="1" valueLow="1" valueString="True" valueStringEval="match"/>
                    <threshold detailName="SD39164_HAEnabled"
                        monitoringType="Default" taskState="5"
                        valueHigh="0" valueLow="0" valueString="True" valueStringEval="match"/>
                </thresholds>
                <selfHealing>
                    <selfHealingProperty
                        key="retryMonitoringBeforeSelfHeal" value="false"/>
                    <selfHealingProperty key="executeSelfHeal" value="false"/>
                    <selfHealingProperty
                        key="retryMonitoringIntervalAfterSelfHeal" value="10"/>
                    <selfHealingProperty
                        key="retryMonitoringCountAfterSelfHeal" value="3"/>
                    <selfHealingProperty key="selectedAutomationPolicy" value=""/>
                    <selfHealingProperty key="notificationType" value="FollowStandardNotificationRules"/>
                    <selfHealingProperty
                        key="retryMonitoringCountBeforeSelfHeal" value="3"/>
                    <selfHealingProperty key="waitIntervalAfterSelfHeal" value="3"/>
                    <selfHealingProperty key="selectedStatuses" value=""/>
                    <selfHealingProperty
                        key="retryMonitoringIntervalBeforeSelfHeal" value="10"/>
                </selfHealing>
            </service>
        </services>
    </serviceTemplate>
</serviceTemplates>
