<?xml version="1.0" encoding="UTF-8" standalone="no" ?>


<service xmlns="http://www.n-able.com" author="conner@plummerslade.com" creationdate="11/09/2018" organization="N-able Technologies" syntaxversion="1.1.0.0" version="1.0.1.4" xmlns:xsi="http://www.w3.org/2001/XMLSchema-instance">


	<servicedefinition id="11002" reason="" releasedependency="4.5.0.0" servicetype="WMIWorkstation" version="1.0.1.4">
		<description country="ca" language="en">Lists the jobs found by the StorageCraft ImageManager Job List</description>
		<displayname country="ca" language="en">StorageCraft ImageManager Managed Folder List</displayname>
		<displaylabel>StorageCraft ImageManager Managed Folder List</displaylabel>
		<help country="ca" language="en">Custom WMI Service</help>
		<popuphelp country="ca" language="en">Custom WMI Service</popuphelp>


		<serviceparameters aggregatedata="true" aggregatetasks="false" maxinstances="1" maxpollrate="59" minpollrate="1" schedulertype="Cron-like Scheduler" serviceinstancetype="Single" timetostale="10000" usesstockserviceitem="false"/>


		<moduleparameters>


		
			<moduleparameter key="Matrix.0.ConstraintSize" max="" min="" phardcoded="true" preferredident="0" foruseby="null" type="2" value="0">
				<shortdescription country="ca" language="en">Number of Constraints</shortdescription>
				<longdescription country="ca" language="en">The number of constraints for this scan detail.</longdescription>
				<help country="ca" language="en">The number of constraints for this scan detail.</help>
			</moduleparameter>
			<moduleparameter key="Matrix.0.ImpMethod" max="" min="" phardcoded="true" preferredident="0" foruseby="null" type="2" value="Query">
				<shortdescription country="ca" language="en">Implementation Method</shortdescription>
				<longdescription country="ca" language="en">WMI implementation method used for this scan detail.</longdescription>
				<help country="ca" language="en">WMI implementation method used for this scan detail.</help>
			</moduleparameter>
			<moduleparameter key="Matrix.0.NameSpace" max="" min="" phardcoded="true" preferredident="0" foruseby="null" type="2" value="root\cimv2\NCentral">
				<shortdescription country="ca" language="en">Namespace</shortdescription>
				<longdescription country="ca" language="en">WMI class namespace used for this scan detail.</longdescription>
				<help country="ca" language="en">WMI class namespace used for this scan detail.</help>
			</moduleparameter>
			<moduleparameter key="Matrix.0.ProcessingType" max="" min="" phardcoded="true" preferredident="0" foruseby="null" type="2" value="Value">
				<shortdescription country="ca" language="en">Processing Type</shortdescription>
				<longdescription country="ca" language="en">Processing type used for this scan detail.</longdescription>
				<help country="ca" language="en">Processing type used for this scan detail.</help>
			</moduleparameter>
			<moduleparameter key="Matrix.0.Var.0.Property" max="" min="" phardcoded="true" preferredident="0" foruseby="null" type="2" value="ListOfAllManagedFolders">
				<shortdescription country="ca" language="en">Property 0</shortdescription>
				<longdescription country="ca" language="en">The WMI property used for this scan detail.</longdescription>
				<help country="ca" language="en">The WMI property used for this scan detail.</help>
			</moduleparameter>
			<moduleparameter key="Matrix.0.Var.0.VarName" max="" min="" phardcoded="true" preferredident="0" foruseby="null" type="2" value="ListOfAllManagedFolders.ImageManager">
				<shortdescription country="ca" language="en">Variable 0 Name</shortdescription>
				<longdescription country="ca" language="en">The name of the variable used for this scan detail.</longdescription>
				<help country="ca" language="en">The name of the variable used for this scan detail.</help>
			</moduleparameter>
			<moduleparameter key="Matrix.0.VarSize" max="" min="" phardcoded="true" preferredident="0" foruseby="null" type="2" value="1">
				<shortdescription country="ca" language="en">Number of Variables</shortdescription>
				<longdescription country="ca" language="en">The number of variables for this scan detail.</longdescription>
				<help country="ca" language="en">The number of variables for this scan detail.</help>
			</moduleparameter>
			<moduleparameter key="Matrix.0.WMIClassName" max="" min="" phardcoded="true" preferredident="0" foruseby="null" type="2" value="ImageManager">
				<shortdescription country="ca" language="en">Class Name</shortdescription>
				<longdescription country="ca" language="en">WMI class name used for this scan detail.</longdescription>
				<help country="ca" language="en">WMI class name used for this scan detail.</help>
			</moduleparameter>
			<moduleparameter key="Matrix.MatrixSize" max="" min="" phardcoded="true" preferredident="0" foruseby="null" type="2" value="1">
				<shortdescription country="ca" language="en">Matrix Size</shortdescription>
				<longdescription country="ca" language="en">The number of matrices.</longdescription>
				<help country="ca" language="en">The number of matrices.</help>
			</moduleparameter>
			<moduleparameter key="Scandetail.0.Name" max="" min="" phardcoded="true" preferredident="0" foruseby="null" type="2" value="WMI11002_1">
				<shortdescription country="ca" language="en">Scan detail name</shortdescription>
				<longdescription country="ca" language="en">Scan detail name</longdescription>
				<help country="ca" language="en">Scan detail name</help>
			</moduleparameter>
			<moduleparameter key="Scandetail.0.Recipe" max="" min="" phardcoded="true" preferredident="0" foruseby="null" type="2" value="$ListOfAllManagedFolders.ImageManager">
				<shortdescription country="ca" language="en">Scan detail recipe</shortdescription>
				<longdescription country="ca" language="en">Scan detail recipe</longdescription>
				<help country="ca" language="en">Scan detail recipe</help>
			</moduleparameter>
			<moduleparameter key="Scandetail.0.Type" max="" min="" phardcoded="true" preferredident="0" foruseby="null" type="2" value="STRING">
				<shortdescription country="ca" language="en">Scan detail type</shortdescription>
				<longdescription country="ca" language="en">Scan detail type</longdescription>
				<help country="ca" language="en">Scan detail type</help>
			</moduleparameter>
			<moduleparameter key="Scandetail.Size" max="" min="" phardcoded="true" preferredident="0" foruseby="null" type="2" value="1">
				<shortdescription country="ca" language="en"/>
				<longdescription country="ca" language="en"/>
				<help country="ca" language="en"/>
			</moduleparameter>
			<moduleparameter key="scan_interval" max="" min="" phardcoded="false" preferredident="0" foruseby="null" type="2" value="0,15 0-23 * * *">
				<shortdescription country="ca" language="en">Scan Interval</shortdescription>
				<longdescription country="ca" language="en">Scan Interval</longdescription>
				<help country="ca" language="en">The number of minutes between scans.</help>
			</moduleparameter>
		</moduleparameters>



		<scandetails>
			<scandetailid>3027500</scandetailid>
		</scandetails>
	</servicedefinition>



	<scandetail id="3027500" monitoringtypeon="true" processforstate="false" cookid="34" releasedependency="12.0.0.285" version="1.0.0.0" >
		<description country="ca" language="en">Managed folders found by script</description>
		<displayname country="ca" language="en">WMI11002_1</displayname>
	</scandetail>
</service>
<?N-able-SDK version=3.0?>