<?xml version="1.0" encoding="UTF-8"?>
<serviceTemplates syntaxversion="2.1.0.0" xmlns="http://www.n-able.com"
    xmlns:xsi="http://www.w3.org/2001/XMLSchema-instance" xsi:schemaLocation="http://www.n-able.com file:///opt/nable/var/ncsai/etc/servicetemplate_v2_1_0_0.xsd">
    <serviceTemplate id="-1" version="2.1.0.0">
        <name>Failed Logins - Laptops</name>
        <description/>
        <deviceClass>Laptop - Windows</deviceClass>
        <removesServices>false</removesServices>
        <services>
            <service autoReapply="false" id="1397131"
                isCustomService="true" name="Failed Logins">
                <configurationName>Failed Logins</configurationName>
                <action actionId="2"/>
                <parameters>
                    <parameter key="scan_interval"
                        parameterId="59368074" type="2"
                        useAssetInfo="false" useDefaultValue="true" value="0 0/15 * * * ? *"/>
                    <parameter key="serviceIdentifier"
                        parameterId="62048090" type="2"
                        useAssetInfo="false" useDefaultValue="true" value=""/>
                </parameters>
                <thresholds>
                    <threshold detailName="SD1397131_BadApps"
                        monitoringType="Off" taskState="3" valueHigh="0"
                        valueLow="0" valueString="NO THRESHOLD" valueStringEval="contain"/>
                    <threshold detailName="SD1397131_BadApps"
                        monitoringType="Off" taskState="5" valueHigh="1"
                        valueLow="1" valueString="NO THRESHOLD" valueStringEval="contain"/>
                    <threshold detailName="SD1397131_BadAttempt"
                        monitoringType="Default" taskState="3"
                        valueHigh="99" valueLow="0" valueString="" valueStringEval=""/>
                    <threshold detailName="SD1397131_BadAttempt"
                        monitoringType="Default" taskState="4"
                        valueHigh="-1" valueLow="-9223372036854775808"
                        valueString="" valueStringEval=""/>
                    <threshold detailName="SD1397131_BadAttempt"
                        monitoringType="Default" taskState="5"
                        valueHigh="9223372036854775807" valueLow="100"
                        valueString="" valueStringEval=""/>
                    <threshold detailName="SD1397131_BadNetworks"
                        monitoringType="Off" taskState="3" valueHigh="0"
                        valueLow="0" valueString="NO THRESHOLD" valueStringEval="contain"/>
                    <threshold detailName="SD1397131_BadNetworks"
                        monitoringType="Off" taskState="5" valueHigh="1"
                        valueLow="1" valueString="NO THRESHOLD" valueStringEval="contain"/>
                    <threshold detailName="SD1397131_BadUsers"
                        monitoringType="Off" taskState="3" valueHigh="0"
                        valueLow="0" valueString="NO THRESHOLD" valueStringEval="contain"/>
                    <threshold detailName="SD1397131_BadUsers"
                        monitoringType="Off" taskState="5" valueHigh="1"
                        valueLow="1" valueString="NO THRESHOLD" valueStringEval="contain"/>
                    <threshold detailName="SD1397131_PreAuthAttempt"
                        monitoringType="Default" taskState="3"
                        valueHigh="99" valueLow="0" valueString="" valueStringEval=""/>
                    <threshold detailName="SD1397131_PreAuthAttempt"
                        monitoringType="Default" taskState="4"
                        valueHigh="-1" valueLow="-9223372036854775808"
                        valueString="" valueStringEval=""/>
                    <threshold detailName="SD1397131_PreAuthAttempt"
                        monitoringType="Default" taskState="5"
                        valueHigh="9223372036854775807" valueLow="100"
                        valueString="" valueStringEval=""/>
                    <threshold detailName="SD1397131_PreAuthNames"
                        monitoringType="Off" taskState="3" valueHigh="0"
                        valueLow="0" valueString="NO THRESHOLD" valueStringEval="contain"/>
                    <threshold detailName="SD1397131_PreAuthNames"
                        monitoringType="Off" taskState="5" valueHigh="1"
                        valueLow="1" valueString="NO THRESHOLD" valueStringEval="contain"/>
                    <threshold detailName="SD1397131_PreAuthNetworks"
                        monitoringType="Off" taskState="3" valueHigh="0"
                        valueLow="0" valueString="NO THRESHOLD" valueStringEval="contain"/>
                    <threshold detailName="SD1397131_PreAuthNetworks"
                        monitoringType="Off" taskState="5" valueHigh="1"
                        valueLow="1" valueString="NO THRESHOLD" valueStringEval="contain"/>
                    <threshold detailName="SD1397131_PreAuthUsers"
                        monitoringType="Off" taskState="3" valueHigh="0"
                        valueLow="0" valueString="NO THRESHOLD" valueStringEval="contain"/>
                    <threshold detailName="SD1397131_PreAuthUsers"
                        monitoringType="Off" taskState="5" valueHigh="1"
                        valueLow="1" valueString="NO THRESHOLD" valueStringEval="contain"/>
                </thresholds>
                <selfHealing>
                    <selfHealingProperty
                        key="retryMonitoringBeforeSelfHeal" value="false"/>
                    <selfHealingProperty key="executeSelfHeal" value="false"/>
                    <selfHealingProperty
                        key="retryMonitoringIntervalAfterSelfHeal" value="10"/>
                    <selfHealingProperty
                        key="retryMonitoringCountAfterSelfHeal" value="3"/>
                    <selfHealingProperty key="selectedAutomationPolicy" value=""/>
                    <selfHealingProperty key="notificationType" value="FollowStandardNotificationRules"/>
                    <selfHealingProperty
                        key="retryMonitoringCountBeforeSelfHeal" value="3"/>
                    <selfHealingProperty key="waitIntervalAfterSelfHeal" value="3"/>
                    <selfHealingProperty key="selectedStatuses" value=""/>
                    <selfHealingProperty
                        key="retryMonitoringIntervalBeforeSelfHeal" value="10"/>
                </selfHealing>
            </service>
        </services>
    </serviceTemplate>
</serviceTemplates>
