<?xml version="1.0" encoding="UTF-8"?>
<serviceTemplates syntaxversion="2.1.0.0" xmlns="http://www.n-able.com"
    xmlns:xsi="http://www.w3.org/2001/XMLSchema-instance" xsi:schemaLocation="http://www.n-able.com file:///opt/nable/var/ncsai/etc/servicetemplate_v2_1_0_0.xsd">
    <serviceTemplate id="-1" version="2.1.0.0">
        <name>DHCP Scopes</name>
        <description/>
        <deviceClass>Servers - Windows</deviceClass>
        <removesServices>false</removesServices>
        <services>
            <service autoReapply="false" id="45488"
                isCustomService="true" name="DHCP Scope">
                <configurationName>DHCP Scope</configurationName>
                <action actionId="2"/>
                <parameters>
                    <parameter key="scan_interval" parameterId="4548800"
                        type="2" useAssetInfo="false"
                        useDefaultValue="true" value="0 0/30 * * * ? *"/>
                    <parameter key="strScopeName" parameterId="4548801"
                        type="2" useAssetInfo="false"
                        useDefaultValue="true" value="_Total"/>
                    <parameter key="serviceIdentifier"
                        parameterId="4548803" type="2"
                        useAssetInfo="false" useDefaultValue="true" value="_Total"/>
                </parameters>
                <thresholds>
                    <threshold detailName="SD45488_intFree"
                        monitoringType="Default" taskState="3"
                        valueHigh="9223372036854775807" valueLow="5"
                        valueString="" valueStringEval=""/>
                    <threshold detailName="SD45488_intFree"
                        monitoringType="Default" taskState="4"
                        valueHigh="-1" valueLow="-9223372036854775808"
                        valueString="" valueStringEval=""/>
                    <threshold detailName="SD45488_intFree"
                        monitoringType="Default" taskState="5"
                        valueHigh="5" valueLow="0" valueString="" valueStringEval=""/>
                    <threshold detailName="SD45488_intPending"
                        monitoringType="Off" taskState="3"
                        valueHigh="9223372036854775806" valueLow="0"
                        valueString="" valueStringEval=""/>
                    <threshold detailName="SD45488_intPending"
                        monitoringType="Off" taskState="4"
                        valueHigh="-1" valueLow="-9223372036854775808"
                        valueString="" valueStringEval=""/>
                    <threshold detailName="SD45488_intPending"
                        monitoringType="Off" taskState="5"
                        valueHigh="9223372036854775807"
                        valueLow="9223372036854775807" valueString="" valueStringEval=""/>
                    <threshold detailName="SD45488_intReserved"
                        monitoringType="Off" taskState="3"
                        valueHigh="9223372036854775806" valueLow="0"
                        valueString="" valueStringEval=""/>
                    <threshold detailName="SD45488_intReserved"
                        monitoringType="Off" taskState="4"
                        valueHigh="-1" valueLow="-9223372036854775808"
                        valueString="" valueStringEval=""/>
                    <threshold detailName="SD45488_intReserved"
                        monitoringType="Off" taskState="5"
                        valueHigh="9223372036854775807"
                        valueLow="9223372036854775807" valueString="" valueStringEval=""/>
                    <threshold detailName="SD45488_intTotal"
                        monitoringType="Off" taskState="3"
                        valueHigh="9223372036854775807" valueLow="1"
                        valueString="" valueStringEval=""/>
                    <threshold detailName="SD45488_intTotal"
                        monitoringType="Off" taskState="4"
                        valueHigh="-1" valueLow="-9223372036854775808"
                        valueString="" valueStringEval=""/>
                    <threshold detailName="SD45488_intTotal"
                        monitoringType="Off" taskState="5" valueHigh="0"
                        valueLow="0" valueString="" valueStringEval=""/>
                    <threshold detailName="SD45488_intUsed"
                        monitoringType="Off" taskState="3"
                        valueHigh="9223372036854775806" valueLow="0"
                        valueString="" valueStringEval=""/>
                    <threshold detailName="SD45488_intUsed"
                        monitoringType="Off" taskState="4"
                        valueHigh="-1" valueLow="-9223372036854775808"
                        valueString="" valueStringEval=""/>
                    <threshold detailName="SD45488_intUsed"
                        monitoringType="Off" taskState="5"
                        valueHigh="9223372036854775807"
                        valueLow="9223372036854775807" valueString="" valueStringEval=""/>
                    <threshold detailName="SD45488_strEndRange"
                        monitoringType="Off" taskState="3" valueHigh="1"
                        valueLow="1" valueString="." valueStringEval="contain"/>
                    <threshold detailName="SD45488_strEndRange"
                        monitoringType="Off" taskState="5" valueHigh="0"
                        valueLow="0" valueString="." valueStringEval="contain"/>
                    <threshold detailName="SD45488_strID"
                        monitoringType="Off" taskState="3" valueHigh="1"
                        valueLow="1" valueString="." valueStringEval="contain"/>
                    <threshold detailName="SD45488_strID"
                        monitoringType="Off" taskState="5" valueHigh="0"
                        valueLow="0" valueString="." valueStringEval="contain"/>
                    <threshold detailName="SD45488_strName"
                        monitoringType="Off" taskState="3" valueHigh="0"
                        valueLow="0" valueString="$" valueStringEval="contain"/>
                    <threshold detailName="SD45488_strName"
                        monitoringType="Off" taskState="5" valueHigh="1"
                        valueLow="1" valueString="$" valueStringEval="contain"/>
                    <threshold detailName="SD45488_strStartRange"
                        monitoringType="Off" taskState="3" valueHigh="1"
                        valueLow="1" valueString="." valueStringEval="contain"/>
                    <threshold detailName="SD45488_strStartRange"
                        monitoringType="Off" taskState="5" valueHigh="0"
                        valueLow="0" valueString="." valueStringEval="contain"/>
                    <threshold detailName="SD45488_strStatus"
                        monitoringType="Off" taskState="3" valueHigh="1"
                        valueLow="1" valueString="Active" valueStringEval="match"/>
                    <threshold detailName="SD45488_strStatus"
                        monitoringType="Off" taskState="5" valueHigh="0"
                        valueLow="0" valueString="Active" valueStringEval="match"/>
                    <threshold detailName="SD45488_strSubnetMask"
                        monitoringType="Off" taskState="3" valueHigh="1"
                        valueLow="1" valueString="." valueStringEval="contain"/>
                    <threshold detailName="SD45488_strSubnetMask"
                        monitoringType="Off" taskState="5" valueHigh="0"
                        valueLow="0" valueString="." valueStringEval="contain"/>
                    <threshold detailName="SD45488_strSuperScopeName"
                        monitoringType="Off" taskState="3" valueHigh="0"
                        valueLow="0" valueString="$" valueStringEval="contain"/>
                    <threshold detailName="SD45488_strSuperScopeName"
                        monitoringType="Off" taskState="5" valueHigh="1"
                        valueLow="1" valueString="$" valueStringEval="contain"/>
                </thresholds>
                <selfHealing>
                    <selfHealingProperty
                        key="retryMonitoringBeforeSelfHeal" value="false"/>
                    <selfHealingProperty key="executeSelfHeal" value="false"/>
                    <selfHealingProperty
                        key="retryMonitoringIntervalAfterSelfHeal" value="10"/>
                    <selfHealingProperty
                        key="retryMonitoringCountAfterSelfHeal" value="3"/>
                    <selfHealingProperty key="notificationType" value="FollowStandardNotificationRules"/>
                    <selfHealingProperty
                        key="retryMonitoringCountBeforeSelfHeal" value="3"/>
                    <selfHealingProperty key="waitIntervalAfterSelfHeal" value="3"/>
                    <selfHealingProperty key="selectedStatuses" value=""/>
                    <selfHealingProperty
                        key="retryMonitoringIntervalBeforeSelfHeal" value="10"/>
                </selfHealing>
            </service>
        </services>
    </serviceTemplate>
</serviceTemplates>
