<?xml version="1.0" encoding="UTF-8"?>
<serviceTemplates syntaxversion="2.1.0.0" xmlns="http://www.n-able.com"
    xmlns:xsi="http://www.w3.org/2001/XMLSchema-instance" xsi:schemaLocation="http://www.n-able.com file:///opt/nable/var/ncsai/etc/servicetemplate_v2_1_0_0.xsd">
    <serviceTemplate id="-1" version="2.1.0.0">
        <name>Synology NAS</name>
        <description/>
        <deviceClass>Storage</deviceClass>
        <removesServices>false</removesServices>
        <services>
            <service autoReapply="false" id="151503"
                isCustomService="true" name="Fan Status (Synology)">
                <configurationName>Fan Status (Synology)</configurationName>
                <action actionId="2"/>
                <parameters>
                    <parameter key="scan_interval"
                        parameterId="15150300" type="2"
                        useAssetInfo="false" useDefaultValue="true" value="0,5 0-23 * * *"/>
                </parameters>
                <thresholds>
                    <threshold detailName="SD151503_SNMP18991_1"
                        monitoringType="Default" taskState="3"
                        valueHigh="0" valueLow="0" valueString="" valueStringEval=""/>
                    <threshold detailName="SD151503_SNMP18991_1"
                        monitoringType="Default" taskState="5"
                        valueHigh="1" valueLow="1" valueString="" valueStringEval=""/>
                    <threshold detailName="SD151503_SNMP18991_2"
                        monitoringType="Default" taskState="3"
                        valueHigh="0" valueLow="0" valueString="" valueStringEval=""/>
                    <threshold detailName="SD151503_SNMP18991_2"
                        monitoringType="Default" taskState="5"
                        valueHigh="1" valueLow="1" valueString="" valueStringEval=""/>
                </thresholds>
                <selfHealing>
                    <selfHealingProperty
                        key="retryMonitoringBeforeSelfHeal" value="false"/>
                    <selfHealingProperty key="executeSelfHeal" value="false"/>
                    <selfHealingProperty
                        key="retryMonitoringIntervalAfterSelfHeal" value="10"/>
                    <selfHealingProperty
                        key="retryMonitoringCountAfterSelfHeal" value="3"/>
                    <selfHealingProperty key="waitIntervalAfterSelfHeal" value="3"/>
                    <selfHealingProperty
                        key="retryMonitoringCountBeforeSelfHeal" value="3"/>
                    <selfHealingProperty key="notificationType" value="FollowStandardNotificationRules"/>
                    <selfHealingProperty key="selectedStatuses" value=""/>
                    <selfHealingProperty
                        key="retryMonitoringIntervalBeforeSelfHeal" value="10"/>
                </selfHealing>
            </service>
            <service autoReapply="false" id="840326"
                isCustomService="true" name="RAID Status (Synology)">
                <configurationName>RAID Status (Synology)</configurationName>
                <action actionId="2"/>
                <parameters>
                    <parameter key="scan_interval"
                        parameterId="84032600" type="2"
                        useAssetInfo="false" useDefaultValue="true" value="0,5 0-23 * * *"/>
                    <parameter key="Group.0.TargetIndex.0"
                        parameterId="84032601" type="2"
                        useAssetInfo="false" useDefaultValue="true" value="0"/>
                </parameters>
                <thresholds>
                    <threshold detailName="SD840326_SNMP18993_1"
                        monitoringType="Default" taskState="3"
                        valueHigh="0" valueLow="0" valueString="" valueStringEval=""/>
                    <threshold detailName="SD840326_SNMP18993_1"
                        monitoringType="Default" taskState="4"
                        valueHigh="1" valueLow="1" valueString="" valueStringEval=""/>
                    <threshold detailName="SD840326_SNMP18993_1"
                        monitoringType="Default" taskState="5"
                        valueHigh="2" valueLow="2" valueString="" valueStringEval=""/>
                </thresholds>
                <selfHealing>
                    <selfHealingProperty
                        key="retryMonitoringBeforeSelfHeal" value="false"/>
                    <selfHealingProperty key="executeSelfHeal" value="false"/>
                    <selfHealingProperty
                        key="retryMonitoringIntervalAfterSelfHeal" value="10"/>
                    <selfHealingProperty
                        key="retryMonitoringCountAfterSelfHeal" value="3"/>
                    <selfHealingProperty key="waitIntervalAfterSelfHeal" value="3"/>
                    <selfHealingProperty
                        key="retryMonitoringCountBeforeSelfHeal" value="3"/>
                    <selfHealingProperty key="notificationType" value="FollowStandardNotificationRules"/>
                    <selfHealingProperty key="selectedStatuses" value=""/>
                    <selfHealingProperty
                        key="retryMonitoringIntervalBeforeSelfHeal" value="10"/>
                </selfHealing>
            </service>
            <service autoReapply="false" id="1745656"
                isCustomService="true" name="System Status (Synology)">
                <configurationName>System Status (Synology)</configurationName>
                <action actionId="2"/>
                <parameters>
                    <parameter key="scan_interval"
                        parameterId="174565600" type="2"
                        useAssetInfo="false" useDefaultValue="true" value="0,5,10,15,20,25,30,35,40,45,50,55 0-23 * * *"/>
                    <parameter key="Group.0.TargetValue.0"
                        parameterId="839811994" type="2"
                        useAssetInfo="false" useDefaultValue="true" value="1"/>
                </parameters>
                <thresholds>
                    <threshold detailName="SD1745656_SNMP18992_1"
                        monitoringType="Normal" taskState="3"
                        valueHigh="0" valueLow="0" valueString="" valueStringEval=""/>
                    <threshold detailName="SD1745656_SNMP18992_1"
                        monitoringType="Normal" taskState="5"
                        valueHigh="1" valueLow="1" valueString="" valueStringEval=""/>
                    <threshold detailName="SD1745656_SNMP18992_2"
                        monitoringType="Normal" taskState="3"
                        valueHigh="0" valueLow="0" valueString="" valueStringEval=""/>
                    <threshold detailName="SD1745656_SNMP18992_2"
                        monitoringType="Normal" taskState="5"
                        valueHigh="1" valueLow="1" valueString="" valueStringEval=""/>
                    <threshold detailName="SD1745656_SNMP18992_3"
                        monitoringType="Normal" taskState="3"
                        valueHigh="60" valueLow="0" valueString="" valueStringEval=""/>
                    <threshold detailName="SD1745656_SNMP18992_3"
                        monitoringType="Normal" taskState="4"
                        valueHigh="70" valueLow="59" valueString="" valueStringEval=""/>
                    <threshold detailName="SD1745656_SNMP18992_3"
                        monitoringType="Normal" taskState="5"
                        valueHigh="255" valueLow="69" valueString="" valueStringEval=""/>
                    <threshold detailName="SD1745656_SNMP18992_6"
                        monitoringType="Normal" taskState="3"
                        valueHigh="0" valueLow="0" valueString="" valueStringEval=""/>
                    <threshold detailName="SD1745656_SNMP18992_6"
                        monitoringType="Normal" taskState="4"
                        valueHigh="1" valueLow="1" valueString="" valueStringEval=""/>
                </thresholds>
                <selfHealing>
                    <selfHealingProperty
                        key="retryMonitoringBeforeSelfHeal" value="false"/>
                    <selfHealingProperty key="executeSelfHeal" value="false"/>
                    <selfHealingProperty
                        key="retryMonitoringIntervalAfterSelfHeal" value="10"/>
                    <selfHealingProperty
                        key="retryMonitoringCountAfterSelfHeal" value="3"/>
                    <selfHealingProperty key="waitIntervalAfterSelfHeal" value="3"/>
                    <selfHealingProperty
                        key="retryMonitoringCountBeforeSelfHeal" value="3"/>
                    <selfHealingProperty key="notificationType" value="FollowStandardNotificationRules"/>
                    <selfHealingProperty key="selectedStatuses" value=""/>
                    <selfHealingProperty
                        key="retryMonitoringIntervalBeforeSelfHeal" value="10"/>
                </selfHealing>
            </service>
            <service autoReapply="true" id="1859430"
                isCustomService="true" name="Physical Drive (Synology)">
                <configurationName>Physical Drive (Synology)</configurationName>
                <action actionId="2"/>
                <parameters>
                    <parameter key="Scandetail.5.Map.0"
                        parameterId="5159547" type="2"
                        useAssetInfo="false" useDefaultValue="true" value="0"/>
                    <parameter key="scan_interval"
                        parameterId="185943000" type="2"
                        useAssetInfo="false" useDefaultValue="true" value="0,5,10,15,20,25,30,35,40,45,50,55 0-23 * * *"/>
                    <parameter key="Group.0.TargetValue.0"
                        parameterId="242621412" type="2"
                        useAssetInfo="true" useDefaultValue="false" value="Drive 1"/>
                    <parameter key="Scandetail.5.Map.1"
                        parameterId="1081729576" type="2"
                        useAssetInfo="false" useDefaultValue="true" value="1"/>
                    <parameter key="Scandetail.5.Map.2"
                        parameterId="1169561361" type="2"
                        useAssetInfo="false" useDefaultValue="true" value="2"/>
                </parameters>
                <thresholds>
                    <threshold detailName="SD1859430_SNMP18995_2"
                        monitoringType="Default" taskState="3"
                        valueHigh="50" valueLow="0" valueString="" valueStringEval=""/>
                    <threshold detailName="SD1859430_SNMP18995_2"
                        monitoringType="Default" taskState="4"
                        valueHigh="60" valueLow="49" valueString="" valueStringEval=""/>
                    <threshold detailName="SD1859430_SNMP18995_2"
                        monitoringType="Default" taskState="5"
                        valueHigh="255" valueLow="59" valueString="" valueStringEval=""/>
                </thresholds>
                <selfHealing>
                    <selfHealingProperty
                        key="retryMonitoringBeforeSelfHeal" value="false"/>
                    <selfHealingProperty key="executeSelfHeal" value="false"/>
                    <selfHealingProperty
                        key="retryMonitoringIntervalAfterSelfHeal" value="10"/>
                    <selfHealingProperty key="selectedAutomationPolicy" value=""/>
                    <selfHealingProperty
                        key="retryMonitoringCountAfterSelfHeal" value="3"/>
                    <selfHealingProperty key="waitIntervalAfterSelfHeal" value="3"/>
                    <selfHealingProperty
                        key="retryMonitoringCountBeforeSelfHeal" value="3"/>
                    <selfHealingProperty key="notificationType" value="FollowStandardNotificationRules"/>
                    <selfHealingProperty key="selectedStatuses" value=""/>
                    <selfHealingProperty
                        key="retryMonitoringIntervalBeforeSelfHeal" value="10"/>
                </selfHealing>
            </service>
        </services>
    </serviceTemplate>
</serviceTemplates>
