<?xml version="1.0" encoding="UTF-8" standalone="no" ?>


<service xmlns="http://www.n-able.com" author="n-able@b-inside.be" creationdate="12/12/2018" organization="N-able Technologies" syntaxversion="1.1.0.0" version="1.0.1.26" xmlns:xsi="http://www.w3.org/2001/XMLSchema-instance">


	<servicedefinition id="1099410" reason="" releasedependency="4.5.0.0" servicetype="SNMP" version="1.0.1.26">
		<description country="ca" language="en">Using SNMP, this service monitors the overall status of a wireless access point that&#39;s connected to a Cisco Wireless LAN controller.</description>
		<displayname country="ca" language="en">Cisco Wireless Access Point</displayname>
		<displaylabel>Cisco Wireless Access Point</displaylabel>
		<help country="ca" language="en">Cisco Wireless Access Point</help>
		<popuphelp country="ca" language="en">Cisco Wireless Access Point</popuphelp>


		<serviceparameters aggregatedata="true" aggregatetasks="false" maxinstances="100" maxpollrate="59" minpollrate="1" schedulertype="Cron-like Scheduler" serviceinstancetype="Single" timetostale="10000" usesstockserviceitem="false"/>


		<moduleparameters>


		
			<moduleparameter key="Group.0" max="null" min="null" phardcoded="true" preferredident="0" foruseby="2" type="2" value="Query 0">
				<shortdescription country="ca" language="en">Group name</shortdescription>
				<longdescription country="ca" language="en">Group name</longdescription>
				<help country="ca" language="en">Group name</help>
			</moduleparameter>
			<moduleparameter key="Group.0.TargetValue.0" max="null" min="null" phardcoded="false" preferredident="1" foruseby="3" type="2" value="AP01">
				<shortdescription country="ca" language="en">Access Point Name</shortdescription>
				<longdescription country="ca" language="en">Access Point Name</longdescription>
				<help country="ca" language="en">Enter the name of the access point to be monitored. &#60;br&#62;&#60;br&#62;For a list of access points, query the device with the &#60;b&#62;1.3.6.1.4.1.9.9.513.1.1.1.1.5&#60;/b&#62; SNMP OID.</help>
				<presentationinfo>
					<presentationitem datatype="String" description="" type="mandatory" value="" />
					<presentationitem datatype="String" description="" type="canUseAssetInfo" value="true" />
				</presentationinfo>
			</moduleparameter>
			<moduleparameter key="Group.0.Var.0.OID.0" max="null" min="null" phardcoded="true" preferredident="0" foruseby="3" type="2" value="1.3.6.1.4.1.9.9.513.1.1.1.1.5">
				<shortdescription country="ca" language="en">OID 0</shortdescription>
				<longdescription country="ca" language="en">OID 0</longdescription>
				<help country="ca" language="en">OID 0</help>
			</moduleparameter>
			<moduleparameter key="Group.0.Var.0.VarName.0" max="null" min="null" phardcoded="true" preferredident="0" foruseby="3" type="2" value="TargetValue">
				<shortdescription country="ca" language="en">Variable 0</shortdescription>
				<longdescription country="ca" language="en">Variable 0</longdescription>
				<help country="ca" language="en">Variable 0</help>
			</moduleparameter>
			<moduleparameter key="Group.0.Var.1.OID.0" max="null" min="null" phardcoded="true" preferredident="0" foruseby="3" type="2" value="1.3.6.1.4.1.14179.2.2.1.1.6">
				<shortdescription country="ca" language="en">OID 1</shortdescription>
				<longdescription country="ca" language="en">OID 1</longdescription>
				<help country="ca" language="en">OID 1</help>
			</moduleparameter>
			<moduleparameter key="Group.0.Var.1.VarName.0" max="null" min="null" phardcoded="true" preferredident="0" foruseby="3" type="2" value="OperationStatus">
				<shortdescription country="ca" language="en">Variable 1</shortdescription>
				<longdescription country="ca" language="en">Variable 1</longdescription>
				<help country="ca" language="en">Variable 1</help>
			</moduleparameter>
			<moduleparameter key="Group.0.Var.2.OID.0" max="null" min="null" phardcoded="true" preferredident="0" foruseby="3" type="2" value="1.3.6.1.4.1.14179.2.2.1.1.4">
				<shortdescription country="ca" language="en">OID 2</shortdescription>
				<longdescription country="ca" language="en">OID 2</longdescription>
				<help country="ca" language="en">OID 2</help>
			</moduleparameter>
			<moduleparameter key="Group.0.Var.2.VarName.0" max="null" min="null" phardcoded="true" preferredident="0" foruseby="3" type="2" value="Location">
				<shortdescription country="ca" language="en">Variable 2</shortdescription>
				<longdescription country="ca" language="en">Variable 2</longdescription>
				<help country="ca" language="en">Variable 2</help>
			</moduleparameter>
			<moduleparameter key="Group.0.Var.3.OID.0" max="null" min="null" phardcoded="true" preferredident="0" foruseby="3" type="2" value="1.3.6.1.4.1.14179.2.2.1.1.19">
				<shortdescription country="ca" language="en">OID 3</shortdescription>
				<longdescription country="ca" language="en">OID 3</longdescription>
				<help country="ca" language="en">OID 3</help>
			</moduleparameter>
			<moduleparameter key="Group.0.Var.3.VarName.0" max="null" min="null" phardcoded="true" preferredident="0" foruseby="3" type="2" value="IPAddress">
				<shortdescription country="ca" language="en">Variable 3</shortdescription>
				<longdescription country="ca" language="en">Variable 3</longdescription>
				<help country="ca" language="en">Variable 3</help>
			</moduleparameter>
			<moduleparameter key="Group.0.Var.4.OID.0" max="null" min="null" phardcoded="true" preferredident="0" foruseby="3" type="2" value="1.3.6.1.4.1.14179.2.2.1.1.22">
				<shortdescription country="ca" language="en">OID 4</shortdescription>
				<longdescription country="ca" language="en">OID 4</longdescription>
				<help country="ca" language="en">OID 4</help>
			</moduleparameter>
			<moduleparameter key="Group.0.Var.4.VarName.0" max="null" min="null" phardcoded="true" preferredident="0" foruseby="3" type="2" value="APModel">
				<shortdescription country="ca" language="en">Variable 4</shortdescription>
				<longdescription country="ca" language="en">Variable 4</longdescription>
				<help country="ca" language="en">Variable 4</help>
			</moduleparameter>
			<moduleparameter key="Group.0.Var.5.OID.0" max="null" min="null" phardcoded="true" preferredident="0" foruseby="3" type="2" value="1.3.6.1.4.1.14179.2.2.1.1.16">
				<shortdescription country="ca" language="en">OID 5</shortdescription>
				<longdescription country="ca" language="en">OID 5</longdescription>
				<help country="ca" language="en">OID 5</help>
			</moduleparameter>
			<moduleparameter key="Group.0.Var.5.VarName.0" max="null" min="null" phardcoded="true" preferredident="0" foruseby="3" type="2" value="APModelNumber">
				<shortdescription country="ca" language="en">Variable 5</shortdescription>
				<longdescription country="ca" language="en">Variable 5</longdescription>
				<help country="ca" language="en">Variable 5</help>
			</moduleparameter>
			<moduleparameter key="Group.0.Var.6.OID.0" max="null" min="null" phardcoded="true" preferredident="0" foruseby="3" type="2" value="1.3.6.1.4.1.14179.2.2.1.1.17">
				<shortdescription country="ca" language="en">OID 6</shortdescription>
				<longdescription country="ca" language="en">OID 6</longdescription>
				<help country="ca" language="en">OID 6</help>
			</moduleparameter>
			<moduleparameter key="Group.0.Var.6.VarName.0" max="null" min="null" phardcoded="true" preferredident="0" foruseby="3" type="2" value="SerialNumber">
				<shortdescription country="ca" language="en">Variable 6</shortdescription>
				<longdescription country="ca" language="en">Variable 6</longdescription>
				<help country="ca" language="en">Variable 6</help>
			</moduleparameter>
			<moduleparameter key="Group.0.Var.7.OID.0" max="null" min="null" phardcoded="true" preferredident="0" foruseby="3" type="2" value="1.3.6.1.4.1.14179.2.2.1.1.25">
				<shortdescription country="ca" language="en">OID 7</shortdescription>
				<longdescription country="ca" language="en">OID 7</longdescription>
				<help country="ca" language="en">OID 7</help>
			</moduleparameter>
			<moduleparameter key="Group.0.Var.7.VarName.0" max="null" min="null" phardcoded="true" preferredident="0" foruseby="3" type="2" value="StaticIP">
				<shortdescription country="ca" language="en">Variable 7</shortdescription>
				<longdescription country="ca" language="en">Variable 7</longdescription>
				<help country="ca" language="en">Variable 7</help>
			</moduleparameter>
			<moduleparameter key="Scandetail.0.Map.0" max="null" min="null" phardcoded="false" preferredident="0" foruseby="3" type="2" value="1">
				<shortdescription country="ca" language="en">Normal Mapping</shortdescription>
				<longdescription country="ca" language="en">Normal Mapping</longdescription>
				<help country="ca" language="en"/>
			</moduleparameter>
			<moduleparameter key="Scandetail.0.Map.1" max="null" min="null" phardcoded="false" preferredident="0" foruseby="3" type="2" value="3">
				<shortdescription country="ca" language="en">Warning Mapping</shortdescription>
				<longdescription country="ca" language="en">Warning Mapping</longdescription>
				<help country="ca" language="en"/>
			</moduleparameter>
			<moduleparameter key="Scandetail.0.Map.2" max="null" min="null" phardcoded="false" preferredident="0" foruseby="3" type="2" value="2">
				<shortdescription country="ca" language="en">Failed Mapping</shortdescription>
				<longdescription country="ca" language="en">Failed Mapping</longdescription>
				<help country="ca" language="en"/>
			</moduleparameter>
			<moduleparameter key="Scandetail.0.Recipe.0" max="null" min="null" phardcoded="true" preferredident="0" foruseby="3" type="2" value="$OperationStatus">
				<shortdescription country="ca" language="en">Scan detail recipe</shortdescription>
				<longdescription country="ca" language="en">Scan detail recipe</longdescription>
				<help country="ca" language="en">Scan detail recipe</help>
			</moduleparameter>
			<moduleparameter key="Scandetail.0.ScandetailName.0" max="null" min="null" phardcoded="true" preferredident="0" foruseby="3" type="2" value="SD1099410_SNMP14002_1">
				<shortdescription country="ca" language="en">Scan detail name</shortdescription>
				<longdescription country="ca" language="en">Scan detail name</longdescription>
				<help country="ca" language="en">Scan detail name</help>
			</moduleparameter>
			<moduleparameter key="Scandetail.0.Type.0" max="null" min="null" phardcoded="true" preferredident="0" foruseby="3" type="2" value="uint8">
				<shortdescription country="ca" language="en">Scan detail type</shortdescription>
				<longdescription country="ca" language="en">Scan detail type</longdescription>
				<help country="ca" language="en">Scan detail type</help>
			</moduleparameter>
			<moduleparameter key="Scandetail.1.Recipe.0" max="null" min="null" phardcoded="true" preferredident="0" foruseby="3" type="2" value="$OperationStatus">
				<shortdescription country="ca" language="en">Scan detail recipe</shortdescription>
				<longdescription country="ca" language="en">Scan detail recipe</longdescription>
				<help country="ca" language="en">Scan detail recipe</help>
			</moduleparameter>
			<moduleparameter key="Scandetail.1.ScandetailName.0" max="null" min="null" phardcoded="true" preferredident="0" foruseby="3" type="2" value="SD1099410_SNMP14002_2">
				<shortdescription country="ca" language="en">Scan detail name</shortdescription>
				<longdescription country="ca" language="en">Scan detail name</longdescription>
				<help country="ca" language="en">Scan detail name</help>
			</moduleparameter>
			<moduleparameter key="Scandetail.1.Type.0" max="null" min="null" phardcoded="true" preferredident="0" foruseby="3" type="2" value="String">
				<shortdescription country="ca" language="en">Scan detail type</shortdescription>
				<longdescription country="ca" language="en">Scan detail type</longdescription>
				<help country="ca" language="en">Scan detail type</help>
			</moduleparameter>
			<moduleparameter key="Scandetail.2.Recipe.0" max="null" min="null" phardcoded="true" preferredident="0" foruseby="3" type="2" value="$Location">
				<shortdescription country="ca" language="en">Scan detail recipe</shortdescription>
				<longdescription country="ca" language="en">Scan detail recipe</longdescription>
				<help country="ca" language="en">Scan detail recipe</help>
			</moduleparameter>
			<moduleparameter key="Scandetail.2.ScandetailName.0" max="null" min="null" phardcoded="true" preferredident="0" foruseby="3" type="2" value="SD1099410_SNMP14002_3">
				<shortdescription country="ca" language="en">Scan detail name</shortdescription>
				<longdescription country="ca" language="en">Scan detail name</longdescription>
				<help country="ca" language="en">Scan detail name</help>
			</moduleparameter>
			<moduleparameter key="Scandetail.2.Type.0" max="null" min="null" phardcoded="true" preferredident="0" foruseby="3" type="2" value="String">
				<shortdescription country="ca" language="en">Scan detail type</shortdescription>
				<longdescription country="ca" language="en">Scan detail type</longdescription>
				<help country="ca" language="en">Scan detail type</help>
			</moduleparameter>
			<moduleparameter key="Scandetail.3.Recipe.0" max="null" min="null" phardcoded="true" preferredident="0" foruseby="3" type="2" value="$APModel">
				<shortdescription country="ca" language="en">Scan detail recipe</shortdescription>
				<longdescription country="ca" language="en">Scan detail recipe</longdescription>
				<help country="ca" language="en">Scan detail recipe</help>
			</moduleparameter>
			<moduleparameter key="Scandetail.3.ScandetailName.0" max="null" min="null" phardcoded="true" preferredident="0" foruseby="3" type="2" value="SD1099410_SNMP14002_4">
				<shortdescription country="ca" language="en">Scan detail name</shortdescription>
				<longdescription country="ca" language="en">Scan detail name</longdescription>
				<help country="ca" language="en">Scan detail name</help>
			</moduleparameter>
			<moduleparameter key="Scandetail.3.Type.0" max="null" min="null" phardcoded="true" preferredident="0" foruseby="3" type="2" value="String">
				<shortdescription country="ca" language="en">Scan detail type</shortdescription>
				<longdescription country="ca" language="en">Scan detail type</longdescription>
				<help country="ca" language="en">Scan detail type</help>
			</moduleparameter>
			<moduleparameter key="Scandetail.4.Recipe.0" max="null" min="null" phardcoded="true" preferredident="0" foruseby="3" type="2" value="$IPAddress">
				<shortdescription country="ca" language="en">Scan detail recipe</shortdescription>
				<longdescription country="ca" language="en">Scan detail recipe</longdescription>
				<help country="ca" language="en">Scan detail recipe</help>
			</moduleparameter>
			<moduleparameter key="Scandetail.4.ScandetailName.0" max="null" min="null" phardcoded="true" preferredident="0" foruseby="3" type="2" value="SD1099410_SNMP14002_5">
				<shortdescription country="ca" language="en">Scan detail name</shortdescription>
				<longdescription country="ca" language="en">Scan detail name</longdescription>
				<help country="ca" language="en">Scan detail name</help>
			</moduleparameter>
			<moduleparameter key="Scandetail.4.Type.0" max="null" min="null" phardcoded="true" preferredident="0" foruseby="3" type="2" value="String">
				<shortdescription country="ca" language="en">Scan detail type</shortdescription>
				<longdescription country="ca" language="en">Scan detail type</longdescription>
				<help country="ca" language="en">Scan detail type</help>
			</moduleparameter>
			<moduleparameter key="Scandetail.5.Recipe.0" max="null" min="null" phardcoded="true" preferredident="0" foruseby="3" type="2" value="$StaticIP">
				<shortdescription country="ca" language="en">Scan detail recipe</shortdescription>
				<longdescription country="ca" language="en">Scan detail recipe</longdescription>
				<help country="ca" language="en">Scan detail recipe</help>
			</moduleparameter>
			<moduleparameter key="Scandetail.5.ScandetailName.0" max="null" min="null" phardcoded="true" preferredident="0" foruseby="3" type="2" value="SD1099410_SNMP14002_6">
				<shortdescription country="ca" language="en">Scan detail name</shortdescription>
				<longdescription country="ca" language="en">Scan detail name</longdescription>
				<help country="ca" language="en">Scan detail name</help>
			</moduleparameter>
			<moduleparameter key="Scandetail.5.Type.0" max="null" min="null" phardcoded="true" preferredident="0" foruseby="3" type="2" value="String">
				<shortdescription country="ca" language="en">Scan detail type</shortdescription>
				<longdescription country="ca" language="en">Scan detail type</longdescription>
				<help country="ca" language="en">Scan detail type</help>
			</moduleparameter>
			<moduleparameter key="Scandetail.6.Recipe.0" max="null" min="null" phardcoded="true" preferredident="0" foruseby="3" type="2" value="$APModelNumber">
				<shortdescription country="ca" language="en">Scan detail recipe</shortdescription>
				<longdescription country="ca" language="en">Scan detail recipe</longdescription>
				<help country="ca" language="en">Scan detail recipe</help>
			</moduleparameter>
			<moduleparameter key="Scandetail.6.ScandetailName.0" max="null" min="null" phardcoded="true" preferredident="0" foruseby="3" type="2" value="SD1099410_SNMP14002_7">
				<shortdescription country="ca" language="en">Scan detail name</shortdescription>
				<longdescription country="ca" language="en">Scan detail name</longdescription>
				<help country="ca" language="en">Scan detail name</help>
			</moduleparameter>
			<moduleparameter key="Scandetail.6.Type.0" max="null" min="null" phardcoded="true" preferredident="0" foruseby="3" type="2" value="String">
				<shortdescription country="ca" language="en">Scan detail type</shortdescription>
				<longdescription country="ca" language="en">Scan detail type</longdescription>
				<help country="ca" language="en">Scan detail type</help>
			</moduleparameter>
			<moduleparameter key="Scandetail.7.Recipe.0" max="null" min="null" phardcoded="true" preferredident="0" foruseby="3" type="2" value="$SerialNumber">
				<shortdescription country="ca" language="en">Scan detail recipe</shortdescription>
				<longdescription country="ca" language="en">Scan detail recipe</longdescription>
				<help country="ca" language="en">Scan detail recipe</help>
			</moduleparameter>
			<moduleparameter key="Scandetail.7.ScandetailName.0" max="null" min="null" phardcoded="true" preferredident="0" foruseby="3" type="2" value="SD1099410_SNMP14002_8">
				<shortdescription country="ca" language="en">Scan detail name</shortdescription>
				<longdescription country="ca" language="en">Scan detail name</longdescription>
				<help country="ca" language="en">Scan detail name</help>
			</moduleparameter>
			<moduleparameter key="Scandetail.7.Type.0" max="null" min="null" phardcoded="true" preferredident="0" foruseby="3" type="2" value="String">
				<shortdescription country="ca" language="en">Scan detail type</shortdescription>
				<longdescription country="ca" language="en">Scan detail type</longdescription>
				<help country="ca" language="en">Scan detail type</help>
			</moduleparameter>
			<moduleparameter key="scan_interval" max="null" min="null" phardcoded="false" preferredident="0" foruseby="3" type="2" value="0,5,10,15,20,25,30,35,40,45,50,55 0-23 * * *">
				<shortdescription country="ca" language="en">Scan Interval</shortdescription>
				<longdescription country="ca" language="en">Scan Interval</longdescription>
				<help country="ca" language="en">The number of minutes between scans.</help>
			</moduleparameter>
		</moduleparameters>



		<scandetails>
			<scandetailid>3181100</scandetailid>
			<scandetailid>3181101</scandetailid>
			<scandetailid>3181102</scandetailid>
			<scandetailid>3181103</scandetailid>
			<scandetailid>3181104</scandetailid>
			<scandetailid>3181105</scandetailid>
			<scandetailid>3181106</scandetailid>
			<scandetailid>3181107</scandetailid>
		</scandetails>
	</servicedefinition>



	<scandetail id="3181100" monitoringtypeon="true" processforstate="true" cookid="15" releasedependency="12.0.1.163" version="1.0.0.0" >
		<thresholddefaults>
			<thresholds configurable="true" type="uint8"><threshold high="0" low="0" streval="" strvalue="" state="Normal"/><threshold high="1" low="1" streval="" strvalue="" state="Warning"/><threshold high="2" low="2" streval="" strvalue="" state="Failed"/>
			</thresholds>
		</thresholddefaults>
		<description country="ca" language="en">Operational Status</description>
		<displayname country="ca" language="en">SD1099410_SNMP14002_1</displayname>
	</scandetail>



	<scandetail id="3181101" monitoringtypeon="true" processforstate="false" cookid="34" releasedependency="12.0.1.163" version="1.0.0.0" >
		<description country="ca" language="en">Operational Status Description</description>
		<displayname country="ca" language="en">SD1099410_SNMP14002_2</displayname>
	</scandetail>



	<scandetail id="3181102" monitoringtypeon="true" processforstate="false" cookid="34" releasedependency="12.0.1.163" version="1.0.0.0" >
		<description country="ca" language="en">Access Point Location</description>
		<displayname country="ca" language="en">SD1099410_SNMP14002_3</displayname>
	</scandetail>



	<scandetail id="3181103" monitoringtypeon="true" processforstate="false" cookid="34" releasedependency="12.0.1.163" version="1.0.0.0" >
		<description country="ca" language="en">Access Point Model</description>
		<displayname country="ca" language="en">SD1099410_SNMP14002_4</displayname>
	</scandetail>



	<scandetail id="3181104" monitoringtypeon="true" processforstate="false" cookid="34" releasedependency="12.0.1.163" version="1.0.0.0" >
		<description country="ca" language="en">IP Address of Access Point</description>
		<displayname country="ca" language="en">SD1099410_SNMP14002_5</displayname>
	</scandetail>



	<scandetail id="3181105" monitoringtypeon="true" processforstate="false" cookid="34" releasedependency="12.0.1.163" version="1.0.0.0" >
		<description country="ca" language="en">Static IP</description>
		<displayname country="ca" language="en">SD1099410_SNMP14002_6</displayname>
	</scandetail>



	<scandetail id="3181106" monitoringtypeon="true" processforstate="false" cookid="34" releasedependency="12.0.1.163" version="1.0.0.0" >
		<description country="ca" language="en">Access Point SKU</description>
		<displayname country="ca" language="en">SD1099410_SNMP14002_7</displayname>
	</scandetail>



	<scandetail id="3181107" monitoringtypeon="true" processforstate="false" cookid="34" releasedependency="12.0.1.163" version="1.0.0.0" >
		<description country="ca" language="en">Serial Number</description>
		<displayname country="ca" language="en">SD1099410_SNMP14002_8</displayname>
	</scandetail>
</service>
<?N-able-SDK version=3.0?>