<?xml version="1.0" encoding="UTF-8"?>
<serviceTemplates syntaxversion="2.1.0.0" xmlns="http://www.n-able.com"
    xmlns:xsi="http://www.w3.org/2001/XMLSchema-instance" xsi:schemaLocation="http://www.n-able.com file:///opt/nable/var/ncsai/etc/servicetemplate_v2_1_0_0.xsd">
    <serviceTemplate id="-1" version="2.1.0.0">
        <name>Cisco Wireless Controller</name>
        <description/>
        <deviceClass>Switch/Router</deviceClass>
        <removesServices>false</removesServices>
        <services>
            <service autoReapply="false" id="101"
                isCustomService="false" name="Connectivity">
                <configurationName>Connectivity</configurationName>
                <action actionId="2"/>
                <parameters>
                    <parameter key="scan_interval" parameterId="10100"
                        type="1" useAssetInfo="false"
                        useDefaultValue="true" value="5"/>
                    <parameter key="timeout_value" parameterId="10101"
                        type="1" useAssetInfo="false"
                        useDefaultValue="true" value="30"/>
                    <parameter key="interval" parameterId="10102"
                        type="1" useAssetInfo="false"
                        useDefaultValue="true" value="1000"/>
                    <parameter key="packet_number" parameterId="10103"
                        type="1" useAssetInfo="false"
                        useDefaultValue="true" value="5"/>
                    <parameter key="packet_size" parameterId="10104"
                        type="1" useAssetInfo="false"
                        useDefaultValue="true" value="32"/>
                    <parameter key="default_ttl" parameterId="10105"
                        type="1" useAssetInfo="false"
                        useDefaultValue="true" value="255"/>
                </parameters>
                <thresholds>
                    <threshold detailName="PINGPLP"
                        monitoringType="Default" taskState="3"
                        valueHigh="45" valueLow="0" valueString="" valueStringEval=""/>
                    <threshold detailName="PINGPLP"
                        monitoringType="Default" taskState="4"
                        valueHigh="85" valueLow="35" valueString="" valueStringEval=""/>
                    <threshold detailName="PINGPLP"
                        monitoringType="Default" taskState="5"
                        valueHigh="100" valueLow="80" valueString="" valueStringEval=""/>
                    <threshold detailName="PINGRTT"
                        monitoringType="Default" taskState="3"
                        valueHigh="200" valueLow="0" valueString="" valueStringEval=""/>
                    <threshold detailName="PINGRTT"
                        monitoringType="Default" taskState="4"
                        valueHigh="400" valueLow="190" valueString="" valueStringEval=""/>
                    <threshold detailName="PINGRTT"
                        monitoringType="Default" taskState="5"
                        valueHigh="600000" valueLow="390" valueString="" valueStringEval=""/>
                    <threshold detailName="PINGTTL"
                        monitoringType="Default" taskState="3"
                        valueHigh="255" valueLow="2" valueString="" valueStringEval=""/>
                    <threshold detailName="PINGTTL"
                        monitoringType="Default" taskState="4"
                        valueHigh="1" valueLow="1" valueString="" valueStringEval=""/>
                    <threshold detailName="PINGTTL"
                        monitoringType="Default" taskState="5"
                        valueHigh="0" valueLow="0" valueString="" valueStringEval=""/>
                    <threshold detailName="PING_DNSR"
                        monitoringType="Default" taskState="3"
                        valueHigh="1" valueLow="1" valueString="" valueStringEval=""/>
                    <threshold detailName="PING_DNSR"
                        monitoringType="Default" taskState="5"
                        valueHigh="0" valueLow="0" valueString="" valueStringEval=""/>
                </thresholds>
                <selfHealing>
                    <selfHealingProperty
                        key="retryMonitoringBeforeSelfHeal" value="false"/>
                    <selfHealingProperty key="executeSelfHeal" value="false"/>
                    <selfHealingProperty
                        key="retryMonitoringIntervalAfterSelfHeal" value="10"/>
                    <selfHealingProperty
                        key="retryMonitoringCountAfterSelfHeal" value="3"/>
                    <selfHealingProperty key="notificationType" value="FollowStandardNotificationRules"/>
                    <selfHealingProperty
                        key="retryMonitoringCountBeforeSelfHeal" value="3"/>
                    <selfHealingProperty key="waitIntervalAfterSelfHeal" value="3"/>
                    <selfHealingProperty key="selectedStatuses" value=""/>
                    <selfHealingProperty
                        key="retryMonitoringIntervalBeforeSelfHeal" value="10"/>
                </selfHealing>
            </service>
            <service autoReapply="false" id="165"
                isCustomService="false" name="HTTPS">
                <configurationName>HTTPS</configurationName>
                <action actionId="2"/>
                <parameters>
                    <parameter key="scan_interval" parameterId="16500"
                        type="1" useAssetInfo="false"
                        useDefaultValue="true" value="5"/>
                    <parameter key="timeout_value" parameterId="16501"
                        type="1" useAssetInfo="false"
                        useDefaultValue="true" value="30"/>
                    <parameter key="port" parameterId="16502" type="1"
                        useAssetInfo="true" useDefaultValue="false" value=""/>
                    <parameter key="http_url" parameterId="16503"
                        type="2" useAssetInfo="false"
                        useDefaultValue="false" value=""/>
                    <parameter key="http_username" parameterId="16504"
                        type="2" useAssetInfo="false"
                        useDefaultValue="false" value=""/>
                    <parameter key="http_password" parameterId="16505"
                        type="6" useAssetInfo="false"
                        useDefaultValue="false" value=""/>
                    <parameter key="http_authentication_type"
                        parameterId="16506" type="2"
                        useAssetInfo="false" useDefaultValue="true" value="Basic"/>
                    <parameter key="normal_responsecode"
                        parameterId="16507" type="2"
                        useAssetInfo="false" useDefaultValue="true" value="100,101,200,201,202,203,204,205,206"/>
                    <parameter key="warning_responsecode"
                        parameterId="16508" type="2"
                        useAssetInfo="false" useDefaultValue="true" value="300,301,302,303,304,305,307"/>
                    <parameter key="content_regex" parameterId="16509"
                        type="2" useAssetInfo="false"
                        useDefaultValue="false" value=""/>
                </parameters>
                <thresholds>
                    <threshold detailName="HTTPS_AVAILABILITY"
                        monitoringType="Default" taskState="3"
                        valueHigh="1" valueLow="1" valueString="" valueStringEval=""/>
                    <threshold detailName="HTTPS_AVAILABILITY"
                        monitoringType="Default" taskState="4"
                        valueHigh="2" valueLow="2" valueString="" valueStringEval=""/>
                    <threshold detailName="HTTPS_AVAILABILITY"
                        monitoringType="Default" taskState="5"
                        valueHigh="0" valueLow="0" valueString="" valueStringEval=""/>
                    <threshold detailName="HTTPS_CNTMATCHED"
                        monitoringType="Off" taskState="3" valueHigh="1"
                        valueLow="1" valueString="" valueStringEval=""/>
                    <threshold detailName="HTTPS_CNTMATCHED"
                        monitoringType="Off" taskState="5" valueHigh="0"
                        valueLow="0" valueString="" valueStringEval=""/>
                    <threshold detailName="HTTPS_CRT"
                        monitoringType="Off" taskState="3" valueHigh="1"
                        valueLow="1" valueString="" valueStringEval=""/>
                    <threshold detailName="HTTPS_CRT"
                        monitoringType="Off" taskState="5" valueHigh="0"
                        valueLow="0" valueString="" valueStringEval=""/>
                    <threshold detailName="HTTPS_CRTEXP"
                        monitoringType="Off" taskState="3"
                        valueHigh="2147483647" valueLow="31"
                        valueString="" valueStringEval=""/>
                    <threshold detailName="HTTPS_CRTEXP"
                        monitoringType="Off" taskState="4"
                        valueHigh="30" valueLow="3" valueString="" valueStringEval=""/>
                    <threshold detailName="HTTPS_CRTEXP"
                        monitoringType="Off" taskState="5" valueHigh="2"
                        valueLow="-2147483648" valueString="" valueStringEval=""/>
                    <threshold detailName="HTTPS_DNSR"
                        monitoringType="Off" taskState="3" valueHigh="1"
                        valueLow="1" valueString="" valueStringEval=""/>
                    <threshold detailName="HTTPS_DNSR"
                        monitoringType="Off" taskState="5" valueHigh="0"
                        valueLow="0" valueString="" valueStringEval=""/>
                    <threshold detailName="HTTPS_LATENCY"
                        monitoringType="Default" taskState="3"
                        valueHigh="10000" valueLow="0" valueString="" valueStringEval=""/>
                    <threshold detailName="HTTPS_LATENCY"
                        monitoringType="Default" taskState="4"
                        valueHigh="20000" valueLow="9500" valueString="" valueStringEval=""/>
                    <threshold detailName="HTTPS_LATENCY"
                        monitoringType="Default" taskState="5"
                        valueHigh="600000" valueLow="19500"
                        valueString="" valueStringEval=""/>
                    <threshold detailName="HTTPS_LOGIN"
                        monitoringType="Off" taskState="3" valueHigh="1"
                        valueLow="1" valueString="" valueStringEval=""/>
                    <threshold detailName="HTTPS_LOGIN"
                        monitoringType="Off" taskState="5" valueHigh="0"
                        valueLow="0" valueString="" valueStringEval=""/>
                </thresholds>
                <selfHealing>
                    <selfHealingProperty
                        key="retryMonitoringBeforeSelfHeal" value="false"/>
                    <selfHealingProperty key="executeSelfHeal" value="false"/>
                    <selfHealingProperty
                        key="retryMonitoringIntervalAfterSelfHeal" value="10"/>
                    <selfHealingProperty
                        key="retryMonitoringCountAfterSelfHeal" value="3"/>
                    <selfHealingProperty key="notificationType" value="FollowStandardNotificationRules"/>
                    <selfHealingProperty
                        key="retryMonitoringCountBeforeSelfHeal" value="3"/>
                    <selfHealingProperty key="waitIntervalAfterSelfHeal" value="3"/>
                    <selfHealingProperty key="selectedStatuses" value=""/>
                    <selfHealingProperty
                        key="retryMonitoringIntervalBeforeSelfHeal" value="10"/>
                </selfHealing>
            </service>
            <service autoReapply="false" id="1099410"
                isCustomService="true" name="Cisco Wireless Access Point">
                <configurationName>Cisco Wireless Access Point</configurationName>
                <action actionId="2"/>
                <parameters>
                    <parameter key="scan_interval"
                        parameterId="109941000" type="2"
                        useAssetInfo="false" useDefaultValue="true" value="0,5,10,15,20,25,30,35,40,45,50,55 0-23 * * *"/>
                    <parameter key="Group.0.TargetValue.0"
                        parameterId="109941001" type="2"
                        useAssetInfo="true" useDefaultValue="false" value=""/>
                    <parameter key="Scandetail.0.Map.0"
                        parameterId="109941021" type="2"
                        useAssetInfo="false" useDefaultValue="true" value="1"/>
                    <parameter key="Scandetail.0.Map.1"
                        parameterId="109941022" type="2"
                        useAssetInfo="false" useDefaultValue="true" value="3"/>
                    <parameter key="Scandetail.0.Map.2"
                        parameterId="109941023" type="2"
                        useAssetInfo="false" useDefaultValue="true" value="2"/>
                </parameters>
                <thresholds>
                    <threshold detailName="SD1099410_SNMP14002_1"
                        monitoringType="Default" taskState="3"
                        valueHigh="0" valueLow="0" valueString="" valueStringEval=""/>
                    <threshold detailName="SD1099410_SNMP14002_1"
                        monitoringType="Default" taskState="4"
                        valueHigh="1" valueLow="1" valueString="" valueStringEval=""/>
                    <threshold detailName="SD1099410_SNMP14002_1"
                        monitoringType="Default" taskState="5"
                        valueHigh="2" valueLow="2" valueString="" valueStringEval=""/>
                </thresholds>
                <selfHealing>
                    <selfHealingProperty
                        key="retryMonitoringBeforeSelfHeal" value="false"/>
                    <selfHealingProperty key="executeSelfHeal" value="false"/>
                    <selfHealingProperty
                        key="retryMonitoringIntervalAfterSelfHeal" value="10"/>
                    <selfHealingProperty
                        key="retryMonitoringCountAfterSelfHeal" value="3"/>
                    <selfHealingProperty key="notificationType" value="FollowStandardNotificationRules"/>
                    <selfHealingProperty
                        key="retryMonitoringCountBeforeSelfHeal" value="3"/>
                    <selfHealingProperty key="waitIntervalAfterSelfHeal" value="3"/>
                    <selfHealingProperty key="selectedStatuses" value=""/>
                    <selfHealingProperty
                        key="retryMonitoringIntervalBeforeSelfHeal" value="10"/>
                </selfHealing>
            </service>
        </services>
    </serviceTemplate>
</serviceTemplates>
