<?xml version="1.0" encoding="UTF-8" standalone="no" ?>


<service xmlns="http://www.n-able.com" author="robbys" creationdate="04/29/2021" organization="N-able Technologies" syntaxversion="1.1.0.0" version="1.0.1.1" xmlns:xsi="http://www.w3.org/2001/XMLSchema-instance">


	<servicedefinition id="151503" reason="" releasedependency="4.5.0.0" servicetype="SNMP" version="1.0.1.1">
		<description country="ca" language="en">Fan status service for Synology NAS devices.  Must be running DSM 4.1 or greater.</description>
		<displayname country="ca" language="en">Fan Status (Synology)</displayname>
		<displaylabel>Fan Status (Synology)</displaylabel>
		<help country="ca" language="en">Custom SNMP Service</help>
		<popuphelp country="ca" language="en">Custom SNMP Service</popuphelp>


		<serviceparameters aggregatedata="true" aggregatetasks="false" maxinstances="1" maxpollrate="59" minpollrate="1" schedulertype="Cron-like Scheduler" serviceinstancetype="Single" timetostale="10000" usesstockserviceitem="false"/>


		<moduleparameters>


		
			<moduleparameter key="Group.0" max="" min="" phardcoded="true" preferredident="0" foruseby="2" type="2" value="Query 0">
				<shortdescription country="ca" language="en">Group name</shortdescription>
				<longdescription country="ca" language="en">Group name</longdescription>
				<help country="ca" language="en">Group name</help>
			</moduleparameter>
			<moduleparameter key="Group.0.TargetIndex.0" max="" min="" phardcoded="true" preferredident="0" foruseby="null" type="2" value="0">
				<shortdescription country="ca" language="en">SNMP Index</shortdescription>
				<longdescription country="ca" language="en">SNMP Index</longdescription>
				<help country="ca" language="en">Enter the name of the SNMP Index to be used by this service</help>
				<presentationinfo>
					<presentationitem datatype="String" description="" type="validation" value="^[0-9]+([.][0-9]+)*$" />
					<presentationitem datatype="String" description="" type="mandatory" value="" />
				</presentationinfo>
			</moduleparameter>
			<moduleparameter key="Group.0.Var.0.OID.0" max="" min="" phardcoded="true" preferredident="0" foruseby="null" type="2" value="1.3.6.1.4.1.6574.1.4.1">
				<shortdescription country="ca" language="en">OID 0</shortdescription>
				<longdescription country="ca" language="en">OID 0</longdescription>
				<help country="ca" language="en">OID 0</help>
			</moduleparameter>
			<moduleparameter key="Group.0.Var.0.VarName.0" max="" min="" phardcoded="true" preferredident="0" foruseby="null" type="2" value="SystemFanStatus">
				<shortdescription country="ca" language="en">Variable 0</shortdescription>
				<longdescription country="ca" language="en">Variable 0</longdescription>
				<help country="ca" language="en">Variable 0</help>
			</moduleparameter>
			<moduleparameter key="Group.0.Var.1.OID.0" max="" min="" phardcoded="true" preferredident="0" foruseby="null" type="2" value="1.3.6.1.4.1.6574.1.4.2">
				<shortdescription country="ca" language="en">OID 1</shortdescription>
				<longdescription country="ca" language="en">OID 1</longdescription>
				<help country="ca" language="en">OID 1</help>
			</moduleparameter>
			<moduleparameter key="Group.0.Var.1.VarName.0" max="" min="" phardcoded="true" preferredident="0" foruseby="null" type="2" value="CPUFanStatus">
				<shortdescription country="ca" language="en">Variable 1</shortdescription>
				<longdescription country="ca" language="en">Variable 1</longdescription>
				<help country="ca" language="en">Variable 1</help>
			</moduleparameter>
			<moduleparameter key="Scandetail.0.Map.0" max="" min="" phardcoded="true" preferredident="0" foruseby="null" type="2" value="1">
				<shortdescription country="ca" language="en">Normal Mapping</shortdescription>
				<longdescription country="ca" language="en"/>
				<help country="ca" language="en"/>
			</moduleparameter>
			<moduleparameter key="Scandetail.0.Map.1" max="" min="" phardcoded="true" preferredident="0" foruseby="null" type="2" value="2">
				<shortdescription country="ca" language="en">Failed Mapping</shortdescription>
				<longdescription country="ca" language="en"/>
				<help country="ca" language="en"/>
			</moduleparameter>
			<moduleparameter key="Scandetail.0.Recipe.0" max="" min="" phardcoded="true" preferredident="0" foruseby="null" type="2" value="$SystemFanStatus">
				<shortdescription country="ca" language="en">Scan detail recipe</shortdescription>
				<longdescription country="ca" language="en">Scan detail recipe</longdescription>
				<help country="ca" language="en">Scan detail recipe</help>
			</moduleparameter>
			<moduleparameter key="Scandetail.0.ScandetailName.0" max="" min="" phardcoded="true" preferredident="0" foruseby="null" type="2" value="SD151503_SNMP18991_1">
				<shortdescription country="ca" language="en">Scan detail name</shortdescription>
				<longdescription country="ca" language="en">Scan detail name</longdescription>
				<help country="ca" language="en">Scan detail name</help>
			</moduleparameter>
			<moduleparameter key="Scandetail.0.Type.0" max="" min="" phardcoded="true" preferredident="0" foruseby="null" type="2" value="UINT8">
				<shortdescription country="ca" language="en">Scan detail type</shortdescription>
				<longdescription country="ca" language="en">Scan detail type</longdescription>
				<help country="ca" language="en">Scan detail type</help>
			</moduleparameter>
			<moduleparameter key="Scandetail.1.Map.0" max="" min="" phardcoded="true" preferredident="0" foruseby="null" type="2" value="1">
				<shortdescription country="ca" language="en">Normal Mapping</shortdescription>
				<longdescription country="ca" language="en"/>
				<help country="ca" language="en"/>
			</moduleparameter>
			<moduleparameter key="Scandetail.1.Map.1" max="" min="" phardcoded="true" preferredident="0" foruseby="null" type="2" value="2">
				<shortdescription country="ca" language="en">Failed Mapping</shortdescription>
				<longdescription country="ca" language="en"/>
				<help country="ca" language="en"/>
			</moduleparameter>
			<moduleparameter key="Scandetail.1.Recipe.0" max="" min="" phardcoded="true" preferredident="0" foruseby="null" type="2" value="$CPUFanStatus">
				<shortdescription country="ca" language="en">Scan detail recipe</shortdescription>
				<longdescription country="ca" language="en">Scan detail recipe</longdescription>
				<help country="ca" language="en">Scan detail recipe</help>
			</moduleparameter>
			<moduleparameter key="Scandetail.1.ScandetailName.0" max="" min="" phardcoded="true" preferredident="0" foruseby="null" type="2" value="SD151503_SNMP18991_2">
				<shortdescription country="ca" language="en">Scan detail name</shortdescription>
				<longdescription country="ca" language="en">Scan detail name</longdescription>
				<help country="ca" language="en">Scan detail name</help>
			</moduleparameter>
			<moduleparameter key="Scandetail.1.Type.0" max="" min="" phardcoded="true" preferredident="0" foruseby="null" type="2" value="UINT8">
				<shortdescription country="ca" language="en">Scan detail type</shortdescription>
				<longdescription country="ca" language="en">Scan detail type</longdescription>
				<help country="ca" language="en">Scan detail type</help>
			</moduleparameter>
			<moduleparameter key="scan_interval" max="" min="" phardcoded="false" preferredident="0" foruseby="null" type="2" value="0,5 0-23 * * *">
				<shortdescription country="ca" language="en">Scan Interval</shortdescription>
				<longdescription country="ca" language="en">Scan Interval</longdescription>
				<help country="ca" language="en">The number of minutes between scans.</help>
			</moduleparameter>
		</moduleparameters>



		<scandetails>
			<scandetailid>3835700</scandetailid>
			<scandetailid>3835701</scandetailid>
		</scandetails>
	</servicedefinition>



	<scandetail id="3835700" monitoringtypeon="true" processforstate="true" cookid="15" releasedependency="2021.1.2.391" version="1.0.0.0" >
		<thresholddefaults>
			<thresholds configurable="true" type="uint8"><threshold high="0" low="0" streval="" strvalue="" state="Normal"/><threshold high="1" low="1" streval="" strvalue="" state="Failed"/>
			</thresholds>
		</thresholddefaults>
		<description country="ca" language="en">System Fan</description>
		<displayname country="ca" language="en">SD151503_SNMP18991_1</displayname>
	</scandetail>



	<scandetail id="3835701" monitoringtypeon="true" processforstate="true" cookid="15" releasedependency="2021.1.2.391" version="1.0.0.0" >
		<thresholddefaults>
			<thresholds configurable="true" type="uint8"><threshold high="0" low="0" streval="" strvalue="" state="Normal"/><threshold high="1" low="1" streval="" strvalue="" state="Failed"/>
			</thresholds>
		</thresholddefaults>
		<description country="ca" language="en">CPU Fan</description>
		<displayname country="ca" language="en">SD151503_SNMP18991_2</displayname>
	</scandetail>
</service>
<?N-able-SDK version=3.0?>