<?xml version="1.0" encoding="UTF-8" standalone="no" ?>


<service xmlns="http://www.n-able.com" author="robbys" creationdate="04/29/2021" organization="N-able Technologies" syntaxversion="1.1.0.0" version="1.0.2.18" xmlns:xsi="http://www.w3.org/2001/XMLSchema-instance">


	<servicedefinition id="1859430" reason="" releasedependency="4.5.0.0" servicetype="SNMP" version="1.0.2.18">
		<description country="ca" language="en">Physical Drive status service for Synology NAS devices.  Must be running DSM 4.1 or greater.</description>
		<displayname country="ca" language="en">Physical Drive (Synology)</displayname>
		<displaylabel>Physical Drive (Synology)</displaylabel>
		<help country="ca" language="en">Physical Drive (Synology)</help>
		<popuphelp country="ca" language="en">Physical Drive (Synology)</popuphelp>


		<serviceparameters aggregatedata="true" aggregatetasks="false" maxinstances="24" maxpollrate="59" minpollrate="1" schedulertype="Cron-like Scheduler" serviceinstancetype="Single" timetostale="10000" usesstockserviceitem="false"/>


		<moduleparameters>


		
			<moduleparameter key="Group.0" max="" min="" phardcoded="true" preferredident="0" foruseby="2" type="2" value="Query Disk">
				<shortdescription country="ca" language="en">Group name</shortdescription>
				<longdescription country="ca" language="en">Group name</longdescription>
				<help country="ca" language="en">Group name</help>
			</moduleparameter>
			<moduleparameter key="Group.0.TargetValue.0" max="" min="" phardcoded="false" preferredident="1" foruseby="3" type="2" value="Drive 1">
				<shortdescription country="ca" language="en">SNMP Value</shortdescription>
				<longdescription country="ca" language="en">SNMP Value</longdescription>
				<help country="ca" language="en">Enter the name of the SNMP Value to be used by this service</help>
				<presentationinfo>
					<presentationitem datatype="String" description="" type="mandatory" value="" />
					<presentationitem datatype="String" description="" type="canUseAssetInfo" value="true" />
				</presentationinfo>
			</moduleparameter>
			<moduleparameter key="Group.0.Var.0.OID.0" max="" min="" phardcoded="true" preferredident="0" foruseby="3" type="2" value="1.3.6.1.4.1.6574.2.1.1.2">
				<shortdescription country="ca" language="en">OID 0</shortdescription>
				<longdescription country="ca" language="en">OID 0</longdescription>
				<help country="ca" language="en">OID 0</help>
			</moduleparameter>
			<moduleparameter key="Group.0.Var.0.VarName.0" max="" min="" phardcoded="true" preferredident="0" foruseby="3" type="2" value="TargetValue">
				<shortdescription country="ca" language="en">Variable 0</shortdescription>
				<longdescription country="ca" language="en">Variable 0</longdescription>
				<help country="ca" language="en">Variable 0</help>
			</moduleparameter>
			<moduleparameter key="Group.0.Var.1.OID.0" max="" min="" phardcoded="true" preferredident="0" foruseby="3" type="2" value="1.3.6.1.4.1.6574.2.1.1.6">
				<shortdescription country="ca" language="en">OID 1</shortdescription>
				<longdescription country="ca" language="en">OID 1</longdescription>
				<help country="ca" language="en">OID 1</help>
			</moduleparameter>
			<moduleparameter key="Group.0.Var.1.VarName.0" max="" min="" phardcoded="true" preferredident="0" foruseby="3" type="2" value="DiskTemperature">
				<shortdescription country="ca" language="en">Variable 1</shortdescription>
				<longdescription country="ca" language="en">Variable 1</longdescription>
				<help country="ca" language="en">Variable 1</help>
			</moduleparameter>
			<moduleparameter key="Group.0.Var.2.OID.0" max="" min="" phardcoded="true" preferredident="0" foruseby="3" type="2" value="1.3.6.1.4.1.6574.2.1.1.5">
				<shortdescription country="ca" language="en">OID 2</shortdescription>
				<longdescription country="ca" language="en">OID 2</longdescription>
				<help country="ca" language="en">OID 2</help>
			</moduleparameter>
			<moduleparameter key="Group.0.Var.2.VarName.0" max="" min="" phardcoded="true" preferredident="0" foruseby="3" type="2" value="DiskStatus">
				<shortdescription country="ca" language="en">Variable 2</shortdescription>
				<longdescription country="ca" language="en">Variable 2</longdescription>
				<help country="ca" language="en">Variable 2</help>
			</moduleparameter>
			<moduleparameter key="Group.0.Var.3.OID.0" max="" min="" phardcoded="true" preferredident="0" foruseby="3" type="2" value="1.3.6.1.4.1.6574.2.1.1.3">
				<shortdescription country="ca" language="en">OID 3</shortdescription>
				<longdescription country="ca" language="en">OID 3</longdescription>
				<help country="ca" language="en">OID 3</help>
			</moduleparameter>
			<moduleparameter key="Group.0.Var.3.VarName.0" max="" min="" phardcoded="true" preferredident="0" foruseby="3" type="2" value="DiskModel">
				<shortdescription country="ca" language="en">Variable 3</shortdescription>
				<longdescription country="ca" language="en">Variable 3</longdescription>
				<help country="ca" language="en">Variable 3</help>
			</moduleparameter>
			<moduleparameter key="Group.0.Var.4.OID.0" max="" min="" phardcoded="true" preferredident="0" foruseby="3" type="2" value="1.3.6.1.4.1.6574.2.1.1.4">
				<shortdescription country="ca" language="en">OID 4</shortdescription>
				<longdescription country="ca" language="en">OID 4</longdescription>
				<help country="ca" language="en">OID 4</help>
			</moduleparameter>
			<moduleparameter key="Group.0.Var.4.VarName.0" max="" min="" phardcoded="true" preferredident="0" foruseby="3" type="2" value="DiskType">
				<shortdescription country="ca" language="en">Variable 4</shortdescription>
				<longdescription country="ca" language="en">Variable 4</longdescription>
				<help country="ca" language="en">Variable 4</help>
			</moduleparameter>
			<moduleparameter key="Scandetail.1.Recipe.0" max="" min="" phardcoded="true" preferredident="0" foruseby="3" type="2" value="$DiskTemperature">
				<shortdescription country="ca" language="en">Scan detail recipe</shortdescription>
				<longdescription country="ca" language="en">Scan detail recipe</longdescription>
				<help country="ca" language="en">Scan detail recipe</help>
			</moduleparameter>
			<moduleparameter key="Scandetail.1.ScandetailName.0" max="" min="" phardcoded="true" preferredident="0" foruseby="3" type="2" value="SD1859430_SNMP18995_2">
				<shortdescription country="ca" language="en">Scan detail name</shortdescription>
				<longdescription country="ca" language="en">Scan detail name</longdescription>
				<help country="ca" language="en">Scan detail name</help>
			</moduleparameter>
			<moduleparameter key="Scandetail.1.Type.0" max="" min="" phardcoded="true" preferredident="0" foruseby="3" type="2" value="uint8">
				<shortdescription country="ca" language="en">Scan detail type</shortdescription>
				<longdescription country="ca" language="en">Scan detail type</longdescription>
				<help country="ca" language="en">Scan detail type</help>
			</moduleparameter>
			<moduleparameter key="Scandetail.3.Recipe.0" max="" min="" phardcoded="true" preferredident="0" foruseby="3" type="2" value="$DiskModel">
				<shortdescription country="ca" language="en">Scan detail recipe</shortdescription>
				<longdescription country="ca" language="en">Scan detail recipe</longdescription>
				<help country="ca" language="en">Scan detail recipe</help>
			</moduleparameter>
			<moduleparameter key="Scandetail.3.ScandetailName.0" max="" min="" phardcoded="true" preferredident="0" foruseby="3" type="2" value="SD1859430_SNMP18995_4">
				<shortdescription country="ca" language="en">Scan detail name</shortdescription>
				<longdescription country="ca" language="en">Scan detail name</longdescription>
				<help country="ca" language="en">Scan detail name</help>
			</moduleparameter>
			<moduleparameter key="Scandetail.3.Type.0" max="" min="" phardcoded="true" preferredident="0" foruseby="3" type="2" value="String">
				<shortdescription country="ca" language="en">Scan detail type</shortdescription>
				<longdescription country="ca" language="en">Scan detail type</longdescription>
				<help country="ca" language="en">Scan detail type</help>
			</moduleparameter>
			<moduleparameter key="Scandetail.4.Recipe.0" max="" min="" phardcoded="true" preferredident="0" foruseby="3" type="2" value="$DiskType">
				<shortdescription country="ca" language="en">Scan detail recipe</shortdescription>
				<longdescription country="ca" language="en">Scan detail recipe</longdescription>
				<help country="ca" language="en">Scan detail recipe</help>
			</moduleparameter>
			<moduleparameter key="Scandetail.4.ScandetailName.0" max="" min="" phardcoded="true" preferredident="0" foruseby="3" type="2" value="SD1859430_SNMP18995_5">
				<shortdescription country="ca" language="en">Scan detail name</shortdescription>
				<longdescription country="ca" language="en">Scan detail name</longdescription>
				<help country="ca" language="en">Scan detail name</help>
			</moduleparameter>
			<moduleparameter key="Scandetail.4.Type.0" max="" min="" phardcoded="true" preferredident="0" foruseby="3" type="2" value="String">
				<shortdescription country="ca" language="en">Scan detail type</shortdescription>
				<longdescription country="ca" language="en">Scan detail type</longdescription>
				<help country="ca" language="en">Scan detail type</help>
			</moduleparameter>
			<moduleparameter key="Scandetail.5.Map.0" max="" min="" phardcoded="false" preferredident="0" foruseby="3" type="2" value="0">
				<shortdescription country="ca" language="en">Failed Mapping</shortdescription>
				<longdescription country="ca" language="en">Failed Mapping</longdescription>
				<help country="ca" language="en">Failed Mapping</help>
			</moduleparameter>
			<moduleparameter key="Scandetail.5.Map.1" max="" min="" phardcoded="false" preferredident="0" foruseby="3" type="2" value="1">
				<shortdescription country="ca" language="en">Failed Mapping</shortdescription>
				<longdescription country="ca" language="en">Failed Mapping</longdescription>
				<help country="ca" language="en">Failed Mapping</help>
			</moduleparameter>
			<moduleparameter key="Scandetail.5.Map.2" max="" min="" phardcoded="false" preferredident="0" foruseby="3" type="2" value="2">
				<shortdescription country="ca" language="en">Failed Mapping</shortdescription>
				<longdescription country="ca" language="en">Failed Mapping</longdescription>
				<help country="ca" language="en">Failed Mapping</help>
			</moduleparameter>
			<moduleparameter key="Scandetail.5.Recipe.0" max="" min="" phardcoded="true" preferredident="0" foruseby="3" type="2" value="$DiskStatus">
				<shortdescription country="ca" language="en">Scan detail recipe</shortdescription>
				<longdescription country="ca" language="en">Scan detail recipe</longdescription>
				<help country="ca" language="en">Scan detail recipe</help>
			</moduleparameter>
			<moduleparameter key="Scandetail.5.ScandetailName.0" max="" min="" phardcoded="true" preferredident="0" foruseby="3" type="2" value="SD1859430_SNMP_6">
				<shortdescription country="ca" language="en">Scan detail name</shortdescription>
				<longdescription country="ca" language="en">Scan detail name</longdescription>
				<help country="ca" language="en">Scan detail name</help>
			</moduleparameter>
			<moduleparameter key="Scandetail.5.Type.0" max="" min="" phardcoded="true" preferredident="0" foruseby="3" type="2" value="uint8">
				<shortdescription country="ca" language="en">Scan detail type</shortdescription>
				<longdescription country="ca" language="en">Scan detail type</longdescription>
				<help country="ca" language="en">Scan detail type</help>
			</moduleparameter>
			<moduleparameter key="scan_interval" max="" min="" phardcoded="false" preferredident="0" foruseby="3" type="2" value="0,5,10,15,20,25,30,35,40,45,50,55 0-23 * * *">
				<shortdescription country="ca" language="en">Scan Interval</shortdescription>
				<longdescription country="ca" language="en">Scan Interval</longdescription>
				<help country="ca" language="en">The number of minutes between scans.</help>
			</moduleparameter>
		</moduleparameters>



		<scandetails>
			<scandetailid>3358500</scandetailid>
			<scandetailid>3358501</scandetailid>
			<scandetailid>3358502</scandetailid>
			<scandetailid>3358503</scandetailid>
		</scandetails>
	</servicedefinition>



	<scandetail id="3358500" monitoringtypeon="true" processforstate="true" cookid="15" releasedependency="2021.1.2.391" version="1.0.0.0" >
		<thresholddefaults>
			<thresholds configurable="true" type="uint8"><threshold high="50" low="0" streval="" strvalue="" state="Normal"/><threshold high="60" low="49" streval="" strvalue="" state="Warning"/><threshold high="255" low="59" streval="" strvalue="" state="Failed"/>
			</thresholds>
		</thresholddefaults>
		<description country="ca" language="en">Disk Temperature</description>
		<displayname country="ca" language="en">SD1859430_SNMP18995_2</displayname>
	</scandetail>



	<scandetail id="3358501" monitoringtypeon="true" processforstate="false" cookid="34" releasedependency="2021.1.2.391" version="1.0.0.0" >
		<description country="ca" language="en">Disk Model</description>
		<displayname country="ca" language="en">SD1859430_SNMP18995_4</displayname>
	</scandetail>



	<scandetail id="3358502" monitoringtypeon="true" processforstate="false" cookid="34" releasedependency="2021.1.2.391" version="1.0.0.0" >
		<description country="ca" language="en">Disk Type</description>
		<displayname country="ca" language="en">SD1859430_SNMP18995_5</displayname>
	</scandetail>



	<scandetail id="3358503" monitoringtypeon="true" processforstate="false" cookid="15" releasedependency="2021.1.2.391" version="1.0.0.0" >
		<description country="ca" language="en">Disk Status</description>
		<displayname country="ca" language="en">SD1859430_SNMP_6</displayname>
	</scandetail>
</service>
<?N-able-SDK version=3.0?>