<?xml version="1.0" encoding="UTF-8"?>
<serviceTemplates syntaxversion="2.1.0.0" xmlns="http://www.n-able.com"
    xmlns:xsi="http://www.w3.org/2001/XMLSchema-instance" xsi:schemaLocation="http://www.n-able.com file:///opt/nable/var/ncsai/etc/servicetemplate_v2_1_0_0.xsd">
    <serviceTemplate id="-1" version="2.1.0.0">
        <name>Azure AD Status</name>
        <description/>
        <deviceClass>Laptop - Windows</deviceClass>
        <removesServices>false</removesServices>
        <services>
            <service autoReapply="false" id="1294283"
                isCustomService="true" name="Azure AD Status">
                <configurationName>Azure AD Status</configurationName>
                <action actionId="2"/>
                <parameters>
                    <parameter key="serviceIdentifier"
                        parameterId="152491050" type="2"
                        useAssetInfo="false" useDefaultValue="true" value=""/>
                    <parameter key="scan_interval"
                        parameterId="218725030" type="2"
                        useAssetInfo="false" useDefaultValue="true" value="0 0/10 * * * ? *"/>
                </parameters>
                <thresholds>
                    <threshold detailName="SD1294283_azureAdJoined"
                        monitoringType="Off" taskState="3" valueHigh="1"
                        valueLow="1" valueString="YES" valueStringEval="contain"/>
                    <threshold detailName="SD1294283_azureAdJoined"
                        monitoringType="Off" taskState="4" valueHigh="0"
                        valueLow="0" valueString="YES" valueStringEval="contain"/>
                    <threshold
                        detailName="SD1294283_azureAdJoinedBoolean"
                        monitoringType="Off" taskState="3" valueHigh="1"
                        valueLow="1" valueString="" valueStringEval=""/>
                    <threshold
                        detailName="SD1294283_azureAdJoinedBoolean"
                        monitoringType="Off" taskState="4" valueHigh="0"
                        valueLow="0" valueString="" valueStringEval=""/>
                    <threshold
                        detailName="SD1294283_azureAdJoinedBoolean"
                        monitoringType="Off" taskState="5"
                        valueHigh="9223372036854775807"
                        valueLow="3074457345618258600" valueString="" valueStringEval=""/>
                    <threshold detailName="SD1294283_domainJoined"
                        monitoringType="Off" taskState="3" valueHigh="1"
                        valueLow="1" valueString="NO" valueStringEval="contain"/>
                    <threshold detailName="SD1294283_domainJoined"
                        monitoringType="Off" taskState="4" valueHigh="0"
                        valueLow="0" valueString="NO" valueStringEval="contain"/>
                    <threshold
                        detailName="SD1294283_domainJoinedBoolean"
                        monitoringType="Off" taskState="3" valueHigh="0"
                        valueLow="0" valueString="" valueStringEval=""/>
                    <threshold
                        detailName="SD1294283_domainJoinedBoolean"
                        monitoringType="Off" taskState="4" valueHigh="1"
                        valueLow="1" valueString="" valueStringEval=""/>
                    <threshold
                        detailName="SD1294283_domainJoinedBoolean"
                        monitoringType="Off" taskState="5"
                        valueHigh="9223372036854775807"
                        valueLow="3074457345618258600" valueString="" valueStringEval=""/>
                    <threshold detailName="SD1294283_status"
                        monitoringType="Default" taskState="3"
                        valueHigh="0" valueLow="0" valueString="" valueStringEval=""/>
                    <threshold detailName="SD1294283_status"
                        monitoringType="Default" taskState="4"
                        valueHigh="1" valueLow="1" valueString="" valueStringEval=""/>
                    <threshold detailName="SD1294283_status"
                        monitoringType="Default" taskState="5"
                        valueHigh="2" valueLow="2" valueString="" valueStringEval=""/>
                    <threshold detailName="SD1294283_tenantName"
                        monitoringType="Off" taskState="3" valueHigh="0"
                        valueLow="0" valueString="&quot;&quot;" valueStringEval="match"/>
                    <threshold detailName="SD1294283_tenantName"
                        monitoringType="Off" taskState="4" valueHigh="1"
                        valueLow="1" valueString="&quot;&quot;" valueStringEval="match"/>
                </thresholds>
                <selfHealing>
                    <selfHealingProperty
                        key="retryMonitoringBeforeSelfHeal" value="false"/>
                    <selfHealingProperty key="executeSelfHeal" value="false"/>
                    <selfHealingProperty
                        key="retryMonitoringIntervalAfterSelfHeal" value="10"/>
                    <selfHealingProperty
                        key="retryMonitoringCountAfterSelfHeal" value="3"/>
                    <selfHealingProperty key="selectedAutomationPolicy" value=""/>
                    <selfHealingProperty key="notificationType" value="FollowStandardNotificationRules"/>
                    <selfHealingProperty
                        key="retryMonitoringCountBeforeSelfHeal" value="3"/>
                    <selfHealingProperty key="waitIntervalAfterSelfHeal" value="3"/>
                    <selfHealingProperty key="selectedStatuses" value=""/>
                    <selfHealingProperty
                        key="retryMonitoringIntervalBeforeSelfHeal" value="10"/>
                </selfHealing>
            </service>
        </services>
    </serviceTemplate>
</serviceTemplates>
