<?xml version="1.0" encoding="UTF-8"?>
<serviceTemplates syntaxversion="2.1.0.0" xmlns="http://www.n-able.com"
    xmlns:xsi="http://www.w3.org/2001/XMLSchema-instance" xsi:schemaLocation="http://www.n-able.com file:///opt/nable/var/ncsai/etc/servicetemplate_v2_1_0_0.xsd">
    <serviceTemplate id="-1" version="2.1.0.0">
        <name>Patch Management - PME - Workstations</name>
        <description/>
        <deviceClass>Workstations - Windows</deviceClass>
        <removesServices>false</removesServices>
        <services>
            <service autoReapply="false" id="1532886"
                isCustomService="true" name="Patch Status - PME">
                <configurationName>Patch Status - PME</configurationName>
                <action actionId="2"/>
                <parameters>
                    <parameter key="DiagnosticsMode"
                        parameterId="705237091" type="2"
                        useAssetInfo="false" useDefaultValue="true" value="False"/>
                    <parameter key="scan_interval"
                        parameterId="1084471992" type="2"
                        useAssetInfo="false" useDefaultValue="true" value="0 0/20 * * * ? *"/>
                    <parameter key="serviceIdentifier"
                        parameterId="2075845273" type="2"
                        useAssetInfo="false" useDefaultValue="true" value=""/>
                </parameters>
                <thresholds>
                    <threshold detailName="SD1532886_DiagnosticsError"
                        monitoringType="Default" taskState="3"
                        valueHigh="0" valueLow="0" valueString="" valueStringEval=""/>
                    <threshold detailName="SD1532886_DiagnosticsError"
                        monitoringType="Default" taskState="4"
                        valueHigh="2" valueLow="2" valueString="" valueStringEval=""/>
                    <threshold detailName="SD1532886_DiagnosticsError"
                        monitoringType="Default" taskState="5"
                        valueHigh="1" valueLow="1" valueString="" valueStringEval=""/>
                    <threshold detailName="SD1532886_DiagnosticsInfoOut"
                        monitoringType="Default" taskState="3"
                        valueHigh="0" valueLow="0" valueString="N/A" valueStringEval="contain"/>
                    <threshold detailName="SD1532886_DiagnosticsInfoOut"
                        monitoringType="Default" taskState="5"
                        valueHigh="1" valueLow="1" valueString="N/A" valueStringEval="contain"/>
                    <threshold detailName="SD1532886_InstallerNotesOut"
                        monitoringType="Default" taskState="3"
                        valueHigh="0" valueLow="0" valueString="N/A" valueStringEval="contain"/>
                    <threshold detailName="SD1532886_InstallerNotesOut"
                        monitoringType="Default" taskState="5"
                        valueHigh="1" valueLow="1" valueString="N/A" valueStringEval="contain"/>
                    <threshold detailName="SD1532886_PMEAgentStatusOut"
                        monitoringType="Default" taskState="3"
                        valueHigh="1" valueLow="1" valueString="Running" valueStringEval="contain"/>
                    <threshold detailName="SD1532886_PMEAgentStatusOut"
                        monitoringType="Default" taskState="5"
                        valueHigh="0" valueLow="0" valueString="Running" valueStringEval="contain"/>
                    <threshold detailName="SD1532886_PMEAgentVersionOut"
                        monitoringType="Default" taskState="3"
                        valueHigh="1" valueLow="1" valueString="." valueStringEval="contain"/>
                    <threshold detailName="SD1532886_PMEAgentVersionOut"
                        monitoringType="Default" taskState="5"
                        valueHigh="0" valueLow="0" valueString="." valueStringEval="contain"/>
                    <threshold detailName="SD1532886_PMECacheOut"
                        monitoringType="Default" taskState="3"
                        valueHigh="1" valueLow="1" valueString="Running" valueStringEval="contain"/>
                    <threshold detailName="SD1532886_PMECacheOut"
                        monitoringType="Default" taskState="5"
                        valueHigh="0" valueLow="0" valueString="Running" valueStringEval="contain"/>
                    <threshold detailName="SD1532886_PMECacheVersionOut"
                        monitoringType="Default" taskState="3"
                        valueHigh="1" valueLow="1" valueString="." valueStringEval="contain"/>
                    <threshold detailName="SD1532886_PMECacheVersionOut"
                        monitoringType="Default" taskState="5"
                        valueHigh="0" valueLow="0" valueString="." valueStringEval="contain"/>
                    <threshold detailName="SD1532886_PMEOFflieSCanOut"
                        monitoringType="Default" taskState="3"
                        valueHigh="0" valueLow="0" valueString="N/A" valueStringEval="contain"/>
                    <threshold detailName="SD1532886_PMEOFflieSCanOut"
                        monitoringType="Default" taskState="5"
                        valueHigh="1" valueLow="1" valueString="N/A" valueStringEval="contain"/>
                    <threshold detailName="SD1532886_PMEProfile"
                        monitoringType="Default" taskState="3"
                        valueHigh="0" valueLow="0" valueString="N/A" valueStringEval="contain"/>
                    <threshold detailName="SD1532886_PMEProfile"
                        monitoringType="Default" taskState="5"
                        valueHigh="1" valueLow="1" valueString="N/A" valueStringEval="contain"/>
                    <threshold
                        detailName="SD1532886_PMERPCServerStatusOut"
                        monitoringType="Default" taskState="3"
                        valueHigh="1" valueLow="1" valueString="Running" valueStringEval="contain"/>
                    <threshold
                        detailName="SD1532886_PMERPCServerStatusOut"
                        monitoringType="Default" taskState="5"
                        valueHigh="0" valueLow="0" valueString="Running" valueStringEval="contain"/>
                    <threshold detailName="SD1532886_PMERPCVersionOut"
                        monitoringType="Default" taskState="3"
                        valueHigh="1" valueLow="1" valueString="." valueStringEval="contain"/>
                    <threshold detailName="SD1532886_PMERPCVersionOut"
                        monitoringType="Default" taskState="5"
                        valueHigh="0" valueLow="0" valueString="." valueStringEval="contain"/>
                    <threshold detailName="SD1532886_StatusMessage"
                        monitoringType="Default" taskState="3"
                        valueHigh="1" valueLow="1" valueString="OK" valueStringEval="contain"/>
                    <threshold detailName="SD1532886_StatusMessage"
                        monitoringType="Default" taskState="5"
                        valueHigh="0" valueLow="0" valueString="OK" valueStringEval="contain"/>
                    <threshold detailName="SD1532886_StatusOut"
                        monitoringType="Default" taskState="3"
                        valueHigh="0" valueLow="0" valueString="" valueStringEval=""/>
                    <threshold detailName="SD1532886_StatusOut"
                        monitoringType="Default" taskState="4"
                        valueHigh="2" valueLow="2" valueString="" valueStringEval=""/>
                    <threshold detailName="SD1532886_StatusOut"
                        monitoringType="Default" taskState="5"
                        valueHigh="1" valueLow="1" valueString="" valueStringEval=""/>
                </thresholds>
                <selfHealing>
                    <selfHealingProperty
                        key="retryMonitoringBeforeSelfHeal" value="false"/>
                    <selfHealingProperty key="executeSelfHeal" value="false"/>
                    <selfHealingProperty
                        key="retryMonitoringIntervalAfterSelfHeal" value="10"/>
                    <selfHealingProperty
                        key="retryMonitoringCountAfterSelfHeal" value="3"/>
                    <selfHealingProperty key="selectedAutomationPolicy" value=""/>
                    <selfHealingProperty key="notificationType" value="FollowStandardNotificationRules"/>
                    <selfHealingProperty
                        key="retryMonitoringCountBeforeSelfHeal" value="3"/>
                    <selfHealingProperty key="waitIntervalAfterSelfHeal" value="3"/>
                    <selfHealingProperty key="selectedStatuses" value=""/>
                    <selfHealingProperty
                        key="retryMonitoringIntervalBeforeSelfHeal" value="10"/>
                </selfHealing>
            </service>
        </services>
    </serviceTemplate>
</serviceTemplates>
