<?xml version="1.0" encoding="UTF-8"?>
<serviceTemplates syntaxversion="2.1.0.0" xmlns="http://www.n-able.com"
    xmlns:xsi="http://www.w3.org/2001/XMLSchema-instance" xsi:schemaLocation="http://www.n-able.com file:///opt/nable/var/ncsai/etc/servicetemplate_v2_1_0_0.xsd">
    <serviceTemplate id="-1" version="2.1.0.0">
        <name>StorageCraft ImageManager</name>
        <description>Adds an instance of the StorageCraft ImageManager service, the list of managed folders</description>
        <deviceClass>Servers - Windows</deviceClass>
        <removesServices>false</removesServices>
        <services>
            <service autoReapply="false" id="11002"
                isCustomService="true" name="StorageCraft ImageManager Managed Folder List">
                <configurationName>StorageCraft ImageManager Managed Folder List</configurationName>
                <action actionId="2"/>
                <parameters>
                    <parameter key="scan_interval" parameterId="1100200"
                        type="2" useAssetInfo="false"
                        useDefaultValue="true" value="0,15 0-23 * * *"/>
                </parameters>
                <thresholds/>
                <selfHealing>
                    <selfHealingProperty
                        key="retryMonitoringBeforeSelfHeal" value="false"/>
                    <selfHealingProperty key="executeSelfHeal" value="false"/>
                    <selfHealingProperty
                        key="retryMonitoringIntervalAfterSelfHeal" value="10"/>
                    <selfHealingProperty
                        key="retryMonitoringCountAfterSelfHeal" value="3"/>
                    <selfHealingProperty key="notificationType" value="FollowStandardNotificationRules"/>
                    <selfHealingProperty
                        key="retryMonitoringCountBeforeSelfHeal" value="3"/>
                    <selfHealingProperty key="waitIntervalAfterSelfHeal" value="3"/>
                    <selfHealingProperty key="selectedStatuses" value=""/>
                    <selfHealingProperty
                        key="retryMonitoringIntervalBeforeSelfHeal" value="10"/>
                </selfHealing>
            </service>
            <service autoReapply="false" id="22105"
                isCustomService="false" name="Windows Service">
                <configurationName>Windows Service</configurationName>
                <action actionId="2"/>
                <parameters>
                    <parameter key="scan_interval" parameterId="2210500"
                        type="1" useAssetInfo="false"
                        useDefaultValue="true" value="true"/>
                    <parameter key="Matrix.0.Constraint.0.Value"
                        parameterId="2210508" type="2"
                        useAssetInfo="false" useDefaultValue="false" value="StorageCraft ImageManager"/>
                </parameters>
                <thresholds>
                    <threshold detailName="ServiceStarted"
                        monitoringType="Default" taskState="3"
                        valueHigh="1" valueLow="1" valueString="" valueStringEval=""/>
                    <threshold detailName="ServiceStarted"
                        monitoringType="Default" taskState="5"
                        valueHigh="0" valueLow="0" valueString="" valueStringEval=""/>
                </thresholds>
                <selfHealing>
                    <selfHealingProperty key="credentialPassword" value=""/>
                    <selfHealingProperty key="credentialUserName" value=""/>
                    <selfHealingProperty
                        key="retryMonitoringBeforeSelfHeal" value="true"/>
                    <selfHealingProperty key="selectedService" value="{{serviceParameter}}"/>
                    <selfHealingProperty
                        key="retryMonitoringIntervalAfterSelfHeal" value="10"/>
                    <selfHealingProperty
                        key="retryMonitoringCountAfterSelfHeal" value="3"/>
                    <selfHealingProperty
                        key="maxNumberOfRetriesPerInterval" value="3"/>
                    <selfHealingProperty key="selfHealingType" value="restartService"/>
                    <selfHealingProperty key="notificationType" value="FollowStandardNotificationRules"/>
                    <selfHealingProperty
                        key="retryMonitoringCountBeforeSelfHeal" value="3"/>
                    <selfHealingProperty key="waitIntervalAfterSelfHeal" value="3"/>
                    <selfHealingProperty key="selectedStatuses" value="5"/>
                    <selfHealingProperty key="restartServiceBy" value="MonitoredService"/>
                    <selfHealingProperty
                        key="retryMonitoringIntervalBeforeSelfHeal" value="10"/>
                    <selfHealingProperty key="useCustomCredentials" value="LocalSystem"/>
                    <selfHealingProperty key="executeSelfHeal" value="true"/>
                    <selfHealingProperty key="RemoteExecutionTimeout" value="1"/>
                    <selfHealingProperty key="selectedInterval" value="3600"/>
                </selfHealing>
            </service>
        </services>
    </serviceTemplate>
</serviceTemplates>
